timestamp,rx_bytes,tx_bytes,rx_dropped,tx_dropped,rx_errors,tx_errors,mbps,drop_delta,error_delta
2026-05-14T15:05:42,6027,11481,0,0,0,0,0.0,0,0
2026-05-14T15:05:44,6097,11551,0,0,0,0,0.001,0,0
2026-05-14T15:05:46,6097,11551,0,0,0,0,0.0,0,0
2026-05-14T15:05:48,6097,11551,0,0,0,0,0.0,0,0
2026-05-14T15:05:50,6097,11551,0,0,0,0,0.0,0,0
2026-05-14T15:05:53,6097,11551,0,0,0,0,0.0,0,0
2026-05-14T15:05:55,6097,11551,0,0,0,0,0.0,0,0
2026-05-14T15:05:57,6097,11551,0,0,0,0,0.0,0,0
2026-05-14T15:05:59,6097,11551,0,0,0,0,0.0,0,0
2026-05-14T15:06:01,6097,11551,0,0,0,0,0.0,0,0
2026-05-14T15:06:03,6097,11551,0,0,0,0,0.0,0,0
2026-05-14T15:06:06,6097,11551,0,0,0,0,0.0,0,0
2026-05-14T15:06:08,6097,11551,0,0,0,0,0.0,0,0
2026-05-14T15:06:10,6097,11551,0,0,0,0,0.0,0,0
2026-05-14T15:06:12,6097,11551,0,0,0,0,0.0,0,0
2026-05-14T15:06:14,6097,11551,0,0,0,0,0.0,0,0
2026-05-14T15:06:16,6097,11551,0,0,0,0,0.0,0,0
2026-05-14T15:06:19,6097,11551,0,0,0,0,0.0,0,0
2026-05-14T15:06:21,6097,11621,0,0,0,0,0.0,0,0
2026-05-14T15:06:23,6097,11621,0,0,0,0,0.0,0,0
2026-05-14T15:06:25,6097,11621,0,0,0,0,0.0,0,0
2026-05-14T15:06:27,6097,11621,0,0,0,0,0.0,0,0
2026-05-14T15:06:29,6097,11621,0,0,0,0,0.0,0,0
2026-05-14T15:06:31,6097,11621,0,0,0,0,0.0,0,0
2026-05-14T15:06:33,6167,11691,0,0,0,0,0.001,0,0
2026-05-14T15:06:35,6167,11691,0,0,0,0,0.0,0,0
2026-05-14T15:06:38,6237,11831,0,0,0,0,0.001,0,0
2026-05-14T15:06:40,6237,11831,0,0,0,0,0.0,0,0
2026-05-14T15:06:42,6237,11831,0,0,0,0,0.0,0,0
2026-05-14T15:06:44,6344,12152,0,0,0,0,0.001,0,0
2026-05-14T15:06:46,6414,12222,0,0,0,0,0.001,0,0
2026-05-14T15:06:48,6414,12222,0,0,0,0,0.0,0,0
2026-05-14T15:06:50,6414,12222,0,0,0,0,0.0,0,0
2026-05-14T15:06:52,6414,12222,0,0,0,0,0.0,0,0
2026-05-14T15:06:54,6484,12292,0,0,0,0,0.001,0,0
2026-05-14T15:06:57,6484,12292,0,0,0,0,0.0,0,0
2026-05-14T15:06:59,6484,12292,0,0,0,0,0.0,0,0
2026-05-14T15:07:01,6484,12292,0,0,0,0,0.0,0,0
2026-05-14T15:07:03,6484,12292,0,0,0,0,0.0,0,0
2026-05-14T15:07:05,6484,12292,0,0,0,0,0.0,0,0
2026-05-14T15:07:07,6484,12292,0,0,0,0,0.0,0,0
2026-05-14T15:07:09,6484,12292,0,0,0,0,0.0,0,0
2026-05-14T15:07:11,6484,12292,0,0,0,0,0.0,0,0
2026-05-14T15:07:13,6484,12292,0,0,0,0,0.0,0,0
2026-05-14T15:07:15,6484,12292,0,0,0,0,0.0,0,0
2026-05-14T15:07:18,6484,12292,0,0,0,0,0.0,0,0
2026-05-14T15:07:20,6484,12292,0,0,0,0,0.0,0,0
2026-05-14T15:07:22,6484,12292,0,0,0,0,0.0,0,0
2026-05-14T15:07:24,6484,12292,0,0,0,0,0.0,0,0
2026-05-14T15:07:26,6484,12292,0,0,0,0,0.0,0,0
2026-05-14T15:07:29,6484,12292,0,0,0,0,0.0,0,0
2026-05-14T15:07:31,6484,12292,0,0,0,0,0.0,0,0
2026-05-14T15:07:33,6484,12292,0,0,0,0,0.0,0,0
2026-05-14T15:07:35,6484,12292,0,0,0,0,0.0,0,0
2026-05-14T15:07:37,6484,12292,0,0,0,0,0.0,0,0
2026-05-14T15:07:39,6484,12292,0,0,0,0,0.0,0,0
2026-05-14T15:07:41,6484,12292,0,0,0,0,0.0,0,0
2026-05-14T15:07:43,6484,12292,0,0,0,0,0.0,0,0
2026-05-14T15:07:45,6484,12292,0,0,0,0,0.0,0,0
2026-05-14T15:07:47,6484,12292,0,0,0,0,0.0,0,0
2026-05-14T15:07:50,6484,12292,0,0,0,0,0.0,0,0
2026-05-14T15:07:52,6484,12292,0,0,0,0,0.0,0,0
2026-05-14T15:07:54,6484,12292,0,0,0,0,0.0,0,0
2026-05-14T15:07:56,6484,12292,0,0,0,0,0.0,0,0
2026-05-14T15:07:58,6484,12292,0,0,0,0,0.0,0,0
2026-05-14T15:08:00,6484,12292,0,0,0,0,0.0,0,0
2026-05-14T15:08:02,6484,12292,0,0,0,0,0.0,0,0
2026-05-14T15:08:04,6484,12292,0,0,0,0,0.0,0,0
2026-05-14T15:08:07,6484,12292,0,0,0,0,0.0,0,0
2026-05-14T15:08:09,6484,12292,0,0,0,0,0.0,0,0
2026-05-14T15:08:11,6484,12292,0,0,0,0,0.0,0,0
2026-05-14T15:08:13,6484,12362,0,0,0,0,0.0,0,0
2026-05-14T15:08:15,6484,12362,0,0,0,0,0.0,0,0
2026-05-14T15:08:18,6484,12362,0,0,0,0,0.0,0,0
2026-05-14T15:08:20,6484,12362,0,0,0,0,0.0,0,0
2026-05-14T15:08:22,6484,12362,0,0,0,0,0.0,0,0
2026-05-14T15:08:24,6484,12362,0,0,0,0,0.0,0,0
2026-05-14T15:08:26,6484,12362,0,0,0,0,0.0,0,0
2026-05-14T15:08:28,6554,12432,0,0,0,0,0.001,0,0
2026-05-14T15:08:30,6554,12432,0,0,0,0,0.0,0,0
2026-05-14T15:08:32,6554,12432,0,0,0,0,0.0,0,0
2026-05-14T15:08:34,6554,12432,0,0,0,0,0.0,0,0
2026-05-14T15:08:37,6624,12502,0,0,0,0,0.001,0,0
2026-05-14T15:08:39,6624,12502,0,0,0,0,0.0,0,0
2026-05-14T15:08:41,6624,12502,0,0,0,0,0.0,0,0
2026-05-14T15:08:43,6624,12502,0,0,0,0,0.0,0,0
2026-05-14T15:08:45,6624,12572,0,0,0,0,0.0,0,0
2026-05-14T15:08:47,6624,12572,0,0,0,0,0.0,0,0
2026-05-14T15:08:49,6624,12572,0,0,0,0,0.0,0,0
2026-05-14T15:08:51,6731,12786,0,0,0,0,0.001,0,0
2026-05-14T15:08:53,6731,12893,0,0,0,0,0.0,0,0
2026-05-14T15:08:55,6731,12893,0,0,0,0,0.0,0,0
2026-05-14T15:08:57,6731,12893,0,0,0,0,0.0,0,0
2026-05-14T15:08:59,6731,12893,0,0,0,0,0.0,0,0
2026-05-14T15:09:01,6801,12963,0,0,0,0,0.001,0,0
2026-05-14T15:09:03,6801,12963,0,0,0,0,0.0,0,0
2026-05-14T15:09:06,6801,12963,0,0,0,0,0.0,0,0
2026-05-14T15:09:08,6801,12963,0,0,0,0,0.0,0,0
2026-05-14T15:09:10,6801,12963,0,0,0,0,0.0,0,0
2026-05-14T15:09:12,6801,12963,0,0,0,0,0.0,0,0
2026-05-14T15:09:14,6801,12963,0,0,0,0,0.0,0,0
2026-05-14T15:09:16,6801,12963,0,0,0,0,0.0,0,0
2026-05-14T15:09:18,6871,13033,0,0,0,0,0.001,0,0
2026-05-14T15:09:20,6871,13033,0,0,0,0,0.0,0,0
2026-05-14T15:09:22,6871,13033,0,0,0,0,0.0,0,0
2026-05-14T15:09:24,6871,13033,0,0,0,0,0.0,0,0
2026-05-14T15:09:27,6871,13033,0,0,0,0,0.0,0,0
2026-05-14T15:09:29,6871,13033,0,0,0,0,0.0,0,0
2026-05-14T15:09:31,6871,13033,0,0,0,0,0.0,0,0
2026-05-14T15:09:33,6871,13033,0,0,0,0,0.0,0,0
2026-05-14T15:09:35,6871,13033,0,0,0,0,0.0,0,0
2026-05-14T15:09:37,6871,13033,0,0,0,0,0.0,0,0
2026-05-14T15:09:39,6871,13033,0,0,0,0,0.0,0,0
2026-05-14T15:09:41,6871,13033,0,0,0,0,0.0,0,0
2026-05-14T15:09:43,6871,13033,0,0,0,0,0.0,0,0
2026-05-14T15:09:46,6871,13033,0,0,0,0,0.0,0,0
2026-05-14T15:09:48,6871,13033,0,0,0,0,0.0,0,0
2026-05-14T15:09:50,6871,13033,0,0,0,0,0.0,0,0
2026-05-14T15:09:52,6871,13033,0,0,0,0,0.0,0,0
2026-05-14T15:09:55,6871,13033,0,0,0,0,0.0,0,0
2026-05-14T15:09:57,6871,13033,0,0,0,0,0.0,0,0
2026-05-14T15:09:59,6871,13033,0,0,0,0,0.0,0,0
2026-05-14T15:10:01,6871,13033,0,0,0,0,0.0,0,0
2026-05-14T15:10:03,6871,13033,0,0,0,0,0.0,0,0
2026-05-14T15:10:05,6871,13033,0,0,0,0,0.0,0,0
2026-05-14T15:10:07,6871,13033,0,0,0,0,0.0,0,0
2026-05-14T15:10:09,6871,13033,0,0,0,0,0.0,0,0
2026-05-14T15:10:11,6871,13033,0,0,0,0,0.0,0,0
2026-05-14T15:10:13,6871,13033,0,0,0,0,0.0,0,0
2026-05-14T15:10:15,6871,13033,0,0,0,0,0.0,0,0
2026-05-14T15:10:17,6871,13033,0,0,0,0,0.0,0,0
2026-05-14T15:10:20,6871,13033,0,0,0,0,0.0,0,0
2026-05-14T15:10:22,6871,13033,0,0,0,0,0.0,0,0
2026-05-14T15:10:24,6871,13033,0,0,0,0,0.0,0,0
2026-05-14T15:10:26,6871,13033,0,0,0,0,0.0,0,0
2026-05-14T15:10:28,6871,13033,0,0,0,0,0.0,0,0
2026-05-14T15:10:30,6871,13033,0,0,0,0,0.0,0,0
2026-05-14T15:10:32,6871,13033,0,0,0,0,0.0,0,0
2026-05-14T15:10:34,6871,13033,0,0,0,0,0.0,0,0
2026-05-14T15:10:36,6871,13033,0,0,0,0,0.0,0,0
2026-05-14T15:10:39,6871,13033,0,0,0,0,0.0,0,0
2026-05-14T15:10:41,6871,13033,0,0,0,0,0.0,0,0
2026-05-14T15:10:43,6871,13033,0,0,0,0,0.0,0,0
2026-05-14T15:10:45,6871,13033,0,0,0,0,0.0,0,0
2026-05-14T15:10:47,6871,13033,0,0,0,0,0.0,0,0
2026-05-14T15:10:49,6871,13033,0,0,0,0,0.0,0,0
2026-05-14T15:10:51,6871,13033,0,0,0,0,0.0,0,0
2026-05-14T15:10:53,6871,13033,0,0,0,0,0.0,0,0
2026-05-14T15:10:55,6871,13033,0,0,0,0,0.0,0,0
2026-05-14T15:10:58,6871,13033,0,0,0,0,0.0,0,0
2026-05-14T15:11:00,6871,13033,0,0,0,0,0.0,0,0
2026-05-14T15:11:02,6871,13033,0,0,0,0,0.0,0,0
2026-05-14T15:11:04,6871,13033,0,0,0,0,0.0,0,0
2026-05-14T15:11:06,6871,13033,0,0,0,0,0.0,0,0
2026-05-14T15:11:08,6871,13033,0,0,0,0,0.0,0,0
2026-05-14T15:11:10,6871,13033,0,0,0,0,0.0,0,0
2026-05-14T15:11:13,6871,13033,0,0,0,0,0.0,0,0
2026-05-14T15:11:15,6871,13033,0,0,0,0,0.0,0,0
2026-05-14T15:11:17,6871,13033,0,0,0,0,0.0,0,0
2026-05-14T15:11:19,6871,13033,0,0,0,0,0.0,0,0
2026-05-14T15:11:21,6871,13033,0,0,0,0,0.0,0,0
2026-05-14T15:11:23,6871,13033,0,0,0,0,0.0,0,0
2026-05-14T15:11:25,6871,13033,0,0,0,0,0.0,0,0
2026-05-14T15:11:27,6871,13033,0,0,0,0,0.0,0,0
2026-05-14T15:11:30,6871,13033,0,0,0,0,0.0,0,0
2026-05-14T15:11:32,6871,13033,0,0,0,0,0.0,0,0
2026-05-14T15:11:34,6871,13033,0,0,0,0,0.0,0,0
2026-05-14T15:11:36,6871,13033,0,0,0,0,0.0,0,0
2026-05-14T15:11:38,6871,13103,0,0,0,0,0.0,0,0
2026-05-14T15:11:40,6871,13103,0,0,0,0,0.0,0,0
2026-05-14T15:11:42,6871,13103,0,0,0,0,0.0,0,0
2026-05-14T15:11:44,6871,13103,0,0,0,0,0.0,0,0
2026-05-14T15:11:46,6871,13103,0,0,0,0,0.0,0,0
2026-05-14T15:11:48,6871,13103,0,0,0,0,0.0,0,0
2026-05-14T15:11:50,6871,13103,0,0,0,0,0.0,0,0
2026-05-14T15:11:52,6871,13103,0,0,0,0,0.0,0,0
2026-05-14T15:11:54,6871,13103,0,0,0,0,0.0,0,0
2026-05-14T15:11:56,6871,13103,0,0,0,0,0.0,0,0
2026-05-14T15:11:59,6871,13103,0,0,0,0,0.0,0,0
2026-05-14T15:12:01,6871,13103,0,0,0,0,0.0,0,0
2026-05-14T15:12:03,6871,13103,0,0,0,0,0.0,0,0
2026-05-14T15:12:05,6871,13103,0,0,0,0,0.0,0,0
2026-05-14T15:12:07,6871,13103,0,0,0,0,0.0,0,0
2026-05-14T15:12:09,6871,13103,0,0,0,0,0.0,0,0
2026-05-14T15:12:11,6871,13103,0,0,0,0,0.0,0,0
2026-05-14T15:12:13,6941,13173,0,0,0,0,0.001,0,0
2026-05-14T15:12:15,6941,13173,0,0,0,0,0.0,0,0
2026-05-14T15:12:17,6941,13173,0,0,0,0,0.0,0,0
2026-05-14T15:12:20,6941,13173,0,0,0,0,0.0,0,0
2026-05-14T15:12:22,6941,13173,0,0,0,0,0.0,0,0
2026-05-14T15:12:24,6941,13173,0,0,0,0,0.0,0,0
2026-05-14T15:12:26,6941,13173,0,0,0,0,0.0,0,0
2026-05-14T15:12:28,6941,13173,0,0,0,0,0.0,0,0
2026-05-14T15:12:30,6941,13173,0,0,0,0,0.0,0,0
2026-05-14T15:12:32,6941,13173,0,0,0,0,0.0,0,0
2026-05-14T15:12:34,7011,13243,0,0,0,0,0.001,0,0
2026-05-14T15:12:36,7011,13243,0,0,0,0,0.0,0,0
2026-05-14T15:12:39,7011,13243,0,0,0,0,0.0,0,0
2026-05-14T15:12:41,7011,13243,0,0,0,0,0.0,0,0
2026-05-14T15:12:43,7011,13243,0,0,0,0,0.0,0,0
2026-05-14T15:12:45,7011,13243,0,0,0,0,0.0,0,0
2026-05-14T15:12:47,7011,13313,0,0,0,0,0.0,0,0
2026-05-14T15:12:50,7011,13313,0,0,0,0,0.0,0,0
2026-05-14T15:12:52,7011,13313,0,0,0,0,0.0,0,0
2026-05-14T15:12:54,7011,13313,0,0,0,0,0.0,0,0
2026-05-14T15:12:56,7011,13313,0,0,0,0,0.0,0,0
2026-05-14T15:12:58,7011,13313,0,0,0,0,0.0,0,0
2026-05-14T15:13:00,7011,13313,0,0,0,0,0.0,0,0
2026-05-14T15:13:02,7011,13313,0,0,0,0,0.0,0,0
2026-05-14T15:13:05,7011,13313,0,0,0,0,0.0,0,0
2026-05-14T15:13:07,7011,13313,0,0,0,0,0.0,0,0
2026-05-14T15:13:09,7118,13634,0,0,0,0,0.002,0,0
2026-05-14T15:13:11,7118,13634,0,0,0,0,0.0,0,0
2026-05-14T15:13:13,7118,13634,0,0,0,0,0.0,0,0
2026-05-14T15:13:15,7118,13634,0,0,0,0,0.0,0,0
2026-05-14T15:13:17,7118,13634,0,0,0,0,0.0,0,0
2026-05-14T15:13:19,7118,13634,0,0,0,0,0.0,0,0
2026-05-14T15:13:21,7118,13634,0,0,0,0,0.0,0,0
2026-05-14T15:13:23,7118,13634,0,0,0,0,0.0,0,0
2026-05-14T15:13:25,7118,13634,0,0,0,0,0.0,0,0
2026-05-14T15:13:28,7118,13634,0,0,0,0,0.0,0,0
2026-05-14T15:13:30,7118,13634,0,0,0,0,0.0,0,0
2026-05-14T15:13:32,7118,13634,0,0,0,0,0.0,0,0
2026-05-14T15:13:34,7118,13634,0,0,0,0,0.0,0,0
2026-05-14T15:13:36,7118,13634,0,0,0,0,0.0,0,0
2026-05-14T15:13:38,7118,13634,0,0,0,0,0.0,0,0
2026-05-14T15:13:40,7118,13634,0,0,0,0,0.0,0,0
2026-05-14T15:13:42,7118,13634,0,0,0,0,0.0,0,0
2026-05-14T15:13:44,7188,13704,0,0,0,0,0.001,0,0
2026-05-14T15:13:47,7188,13704,0,0,0,0,0.0,0,0
2026-05-14T15:13:49,7188,13704,0,0,0,0,0.0,0,0
2026-05-14T15:13:51,7188,13704,0,0,0,0,0.0,0,0
2026-05-14T15:13:53,7188,13704,0,0,0,0,0.0,0,0
2026-05-14T15:13:55,7188,13704,0,0,0,0,0.0,0,0
2026-05-14T15:13:57,7188,13704,0,0,0,0,0.0,0,0
2026-05-14T15:14:01,7188,13704,0,0,0,0,0.0,0,0
2026-05-14T15:14:03,7188,13704,0,0,0,0,0.0,0,0
2026-05-14T15:14:05,7188,13704,0,0,0,0,0.0,0,0
2026-05-14T15:14:07,7188,13704,0,0,0,0,0.0,0,0
2026-05-14T15:14:09,7188,13704,0,0,0,0,0.0,0,0
2026-05-14T15:14:11,7188,13704,0,0,0,0,0.0,0,0
2026-05-14T15:14:13,7188,13704,0,0,0,0,0.0,0,0
2026-05-14T15:14:15,7188,13704,0,0,0,0,0.0,0,0
2026-05-14T15:14:17,7258,13774,0,0,0,0,0.001,0,0
2026-05-14T15:14:19,7258,13774,0,0,0,0,0.0,0,0
2026-05-14T15:14:22,7258,13774,0,0,0,0,0.0,0,0
2026-05-14T15:14:24,7258,13774,0,0,0,0,0.0,0,0
2026-05-14T15:14:26,7258,13774,0,0,0,0,0.0,0,0
2026-05-14T15:14:28,7258,13774,0,0,0,0,0.0,0,0
2026-05-14T15:14:30,7258,13774,0,0,0,0,0.0,0,0
2026-05-14T15:14:32,7258,13774,0,0,0,0,0.0,0,0
2026-05-14T15:14:34,7258,13774,0,0,0,0,0.0,0,0
2026-05-14T15:14:36,7258,13774,0,0,0,0,0.0,0,0
2026-05-14T15:14:38,7258,13774,0,0,0,0,0.0,0,0
2026-05-14T15:14:40,7258,13774,0,0,0,0,0.0,0,0
2026-05-14T15:14:42,7258,13774,0,0,0,0,0.0,0,0
2026-05-14T15:14:45,7258,13774,0,0,0,0,0.0,0,0
2026-05-14T15:14:47,7258,13774,0,0,0,0,0.0,0,0
2026-05-14T15:14:49,7258,13774,0,0,0,0,0.0,0,0
2026-05-14T15:14:51,7258,13774,0,0,0,0,0.0,0,0
2026-05-14T15:14:53,7258,13774,0,0,0,0,0.0,0,0
2026-05-14T15:14:55,7258,13774,0,0,0,0,0.0,0,0
2026-05-14T15:14:57,7258,13774,0,0,0,0,0.0,0,0
2026-05-14T15:14:59,7258,13774,0,0,0,0,0.0,0,0
2026-05-14T15:15:01,7258,13774,0,0,0,0,0.0,0,0
2026-05-14T15:15:04,7258,13774,0,0,0,0,0.0,0,0
2026-05-14T15:15:06,7258,13774,0,0,0,0,0.0,0,0
2026-05-14T15:15:08,7258,13774,0,0,0,0,0.0,0,0
2026-05-14T15:15:10,7258,13774,0,0,0,0,0.0,0,0
2026-05-14T15:15:12,7258,13774,0,0,0,0,0.0,0,0
2026-05-14T15:15:14,7258,13774,0,0,0,0,0.0,0,0
2026-05-14T15:15:16,7258,13774,0,0,0,0,0.0,0,0
2026-05-14T15:15:18,7258,13774,0,0,0,0,0.0,0,0
2026-05-14T15:15:20,7258,13774,0,0,0,0,0.0,0,0
2026-05-14T15:15:22,7258,13774,0,0,0,0,0.0,0,0
2026-05-14T15:15:25,7258,13774,0,0,0,0,0.0,0,0
2026-05-14T15:15:27,7258,13774,0,0,0,0,0.0,0,0
2026-05-14T15:15:29,7258,13774,0,0,0,0,0.0,0,0
2026-05-14T15:15:31,7258,13774,0,0,0,0,0.0,0,0
2026-05-14T15:15:33,7258,13774,0,0,0,0,0.0,0,0
2026-05-14T15:15:35,7258,13774,0,0,0,0,0.0,0,0
2026-05-14T15:15:37,7258,13774,0,0,0,0,0.0,0,0
2026-05-14T15:15:39,7258,13774,0,0,0,0,0.0,0,0
2026-05-14T15:15:41,7258,13774,0,0,0,0,0.0,0,0
2026-05-14T15:15:43,7258,13774,0,0,0,0,0.0,0,0
2026-05-14T15:15:45,7258,13774,0,0,0,0,0.0,0,0
2026-05-14T15:15:47,7258,13774,0,0,0,0,0.0,0,0
2026-05-14T15:15:49,7258,13774,0,0,0,0,0.0,0,0
2026-05-14T15:15:51,7258,13774,0,0,0,0,0.0,0,0
2026-05-14T15:15:53,7258,13774,0,0,0,0,0.0,0,0
2026-05-14T15:15:55,7258,13774,0,0,0,0,0.0,0,0
2026-05-14T15:15:58,7258,13774,0,0,0,0,0.0,0,0
2026-05-14T15:16:00,7258,13774,0,0,0,0,0.0,0,0
2026-05-14T15:16:02,7258,13774,0,0,0,0,0.0,0,0
2026-05-14T15:16:04,7258,13774,0,0,0,0,0.0,0,0
2026-05-14T15:16:06,7258,13774,0,0,0,0,0.0,0,0
2026-05-14T15:16:08,7258,13774,0,0,0,0,0.0,0,0
2026-05-14T15:16:10,7258,13774,0,0,0,0,0.0,0,0
2026-05-14T15:16:12,7258,13774,0,0,0,0,0.0,0,0
2026-05-14T15:16:14,7258,13774,0,0,0,0,0.0,0,0
2026-05-14T15:16:16,7258,13774,0,0,0,0,0.0,0,0
2026-05-14T15:16:18,7258,13774,0,0,0,0,0.0,0,0
2026-05-14T15:16:20,7258,13774,0,0,0,0,0.0,0,0
2026-05-14T15:16:22,7258,13774,0,0,0,0,0.0,0,0
2026-05-14T15:16:24,7258,13774,0,0,0,0,0.0,0,0
2026-05-14T15:16:26,7258,13774,0,0,0,0,0.0,0,0
2026-05-14T15:16:29,7258,13774,0,0,0,0,0.0,0,0
2026-05-14T15:16:31,7258,13774,0,0,0,0,0.0,0,0
2026-05-14T15:16:33,7258,13774,0,0,0,0,0.0,0,0
2026-05-14T15:16:35,7258,13774,0,0,0,0,0.0,0,0
2026-05-14T15:16:38,7258,13774,0,0,0,0,0.0,0,0
2026-05-14T15:16:40,7258,13774,0,0,0,0,0.0,0,0
2026-05-14T15:16:42,7258,13774,0,0,0,0,0.0,0,0
2026-05-14T15:16:45,7258,13774,0,0,0,0,0.0,0,0
2026-05-14T15:16:47,7258,13774,0,0,0,0,0.0,0,0
2026-05-14T15:16:49,7258,13774,0,0,0,0,0.0,0,0
2026-05-14T15:16:51,7258,13774,0,0,0,0,0.0,0,0
2026-05-14T15:16:53,7258,13774,0,0,0,0,0.0,0,0
2026-05-14T15:16:55,7258,13774,0,0,0,0,0.0,0,0
2026-05-14T15:16:57,7258,13774,0,0,0,0,0.0,0,0
2026-05-14T15:16:59,7258,13774,0,0,0,0,0.0,0,0
2026-05-14T15:17:02,7258,13774,0,0,0,0,0.0,0,0
2026-05-14T15:17:04,7258,13774,0,0,0,0,0.0,0,0
2026-05-14T15:17:06,7258,13774,0,0,0,0,0.0,0,0
2026-05-14T15:17:08,7258,13774,0,0,0,0,0.0,0,0
2026-05-14T15:17:10,7258,13774,0,0,0,0,0.0,0,0
2026-05-14T15:17:12,7258,13774,0,0,0,0,0.0,0,0
2026-05-14T15:17:15,7258,13774,0,0,0,0,0.0,0,0
2026-05-14T15:17:17,7258,13774,0,0,0,0,0.0,0,0
2026-05-14T15:17:19,7258,13774,0,0,0,0,0.0,0,0
2026-05-14T15:17:21,7258,13774,0,0,0,0,0.0,0,0
2026-05-14T15:17:23,7258,13774,0,0,0,0,0.0,0,0
2026-05-14T15:17:25,7258,13774,0,0,0,0,0.0,0,0
2026-05-14T15:17:27,7258,13774,0,0,0,0,0.0,0,0
2026-05-14T15:17:29,7258,13774,0,0,0,0,0.0,0,0
2026-05-14T15:17:31,7258,13774,0,0,0,0,0.0,0,0
2026-05-14T15:17:33,7258,13774,0,0,0,0,0.0,0,0
2026-05-14T15:17:36,7258,13774,0,0,0,0,0.0,0,0
2026-05-14T15:17:38,7258,13774,0,0,0,0,0.0,0,0
2026-05-14T15:17:40,7258,13774,0,0,0,0,0.0,0,0
2026-05-14T15:17:42,7258,13774,0,0,0,0,0.0,0,0
2026-05-14T15:17:44,7258,13774,0,0,0,0,0.0,0,0
2026-05-14T15:17:46,7258,13774,0,0,0,0,0.0,0,0
2026-05-14T15:17:48,7258,13774,0,0,0,0,0.0,0,0
2026-05-14T15:17:50,7258,13774,0,0,0,0,0.0,0,0
2026-05-14T15:17:52,7258,13774,0,0,0,0,0.0,0,0
2026-05-14T15:17:55,7258,13774,0,0,0,0,0.0,0,0
2026-05-14T15:17:57,7258,13774,0,0,0,0,0.0,0,0
2026-05-14T15:17:59,7258,13774,0,0,0,0,0.0,0,0
2026-05-14T15:18:01,7258,13774,0,0,0,0,0.0,0,0
2026-05-14T15:18:03,7258,13774,0,0,0,0,0.0,0,0
2026-05-14T15:18:05,7258,13774,0,0,0,0,0.0,0,0
2026-05-14T15:18:07,7258,13774,0,0,0,0,0.0,0,0
2026-05-14T15:18:09,7258,13774,0,0,0,0,0.0,0,0
2026-05-14T15:18:11,7258,13774,0,0,0,0,0.0,0,0
2026-05-14T15:18:14,7258,13774,0,0,0,0,0.0,0,0
2026-05-14T15:18:16,7258,13774,0,0,0,0,0.0,0,0
2026-05-14T15:18:18,7258,13774,0,0,0,0,0.0,0,0
2026-05-14T15:18:20,7258,13774,0,0,0,0,0.0,0,0
2026-05-14T15:18:22,7258,13774,0,0,0,0,0.0,0,0
2026-05-14T15:18:24,7258,13774,0,0,0,0,0.0,0,0
2026-05-14T15:18:26,7258,13774,0,0,0,0,0.0,0,0
2026-05-14T15:18:28,7258,13774,0,0,0,0,0.0,0,0
2026-05-14T15:18:31,7258,13774,0,0,0,0,0.0,0,0
2026-05-14T15:18:33,7258,13774,0,0,0,0,0.0,0,0
2026-05-14T15:18:35,7258,13774,0,0,0,0,0.0,0,0
2026-05-14T15:18:37,7258,13774,0,0,0,0,0.0,0,0
2026-05-14T15:18:39,7258,13844,0,0,0,0,0.0,0,0
2026-05-14T15:18:41,7258,13844,0,0,0,0,0.0,0,0
2026-05-14T15:18:43,7258,13844,0,0,0,0,0.0,0,0
2026-05-14T15:18:45,7258,13844,0,0,0,0,0.0,0,0
2026-05-14T15:18:48,7258,13844,0,0,0,0,0.0,0,0
2026-05-14T15:18:50,7258,13844,0,0,0,0,0.0,0,0
2026-05-14T15:18:52,7258,13844,0,0,0,0,0.0,0,0
2026-05-14T15:18:54,7258,13844,0,0,0,0,0.0,0,0
2026-05-14T15:18:57,7258,13844,0,0,0,0,0.0,0,0
2026-05-14T15:18:59,7258,13844,0,0,0,0,0.0,0,0
2026-05-14T15:19:01,7258,13844,0,0,0,0,0.0,0,0
2026-05-14T15:19:05,7258,13844,0,0,0,0,0.0,0,0
2026-05-14T15:19:08,7258,13844,0,0,0,0,0.0,0,0
2026-05-14T15:19:10,7258,13844,0,0,0,0,0.0,0,0
2026-05-14T15:19:12,7258,13844,0,0,0,0,0.0,0,0
2026-05-14T15:19:14,7258,13844,0,0,0,0,0.0,0,0
2026-05-14T15:19:17,7258,13844,0,0,0,0,0.0,0,0
2026-05-14T15:19:19,7258,13844,0,0,0,0,0.0,0,0
2026-05-14T15:19:21,7258,13844,0,0,0,0,0.0,0,0
2026-05-14T15:19:23,7258,13844,0,0,0,0,0.0,0,0
2026-05-14T15:19:25,7258,13844,0,0,0,0,0.0,0,0
2026-05-14T15:19:28,7258,13844,0,0,0,0,0.0,0,0
2026-05-14T15:19:30,7258,13844,0,0,0,0,0.0,0,0
2026-05-14T15:19:32,7258,13844,0,0,0,0,0.0,0,0
2026-05-14T15:19:34,7258,13844,0,0,0,0,0.0,0,0
2026-05-14T15:19:36,7258,13844,0,0,0,0,0.0,0,0
2026-05-14T15:19:39,7258,13844,0,0,0,0,0.0,0,0
2026-05-14T15:19:41,7258,13844,0,0,0,0,0.0,0,0
2026-05-14T15:19:43,7258,13844,0,0,0,0,0.0,0,0
2026-05-14T15:19:45,7328,13914,0,0,0,0,0.0,0,0
2026-05-14T15:19:47,7328,13914,0,0,0,0,0.0,0,0
2026-05-14T15:19:50,7328,13914,0,0,0,0,0.0,0,0
2026-05-14T15:19:52,7328,13914,0,0,0,0,0.0,0,0
2026-05-14T15:19:54,7328,13914,0,0,0,0,0.0,0,0
2026-05-14T15:19:56,7328,13914,0,0,0,0,0.0,0,0
2026-05-14T15:19:58,7328,13914,0,0,0,0,0.0,0,0
2026-05-14T15:20:01,7328,13914,0,0,0,0,0.0,0,0
2026-05-14T15:20:03,7328,13914,0,0,0,0,0.0,0,0
2026-05-14T15:20:05,7328,13914,0,0,0,0,0.0,0,0
2026-05-14T15:20:07,7328,13914,0,0,0,0,0.0,0,0
2026-05-14T15:20:09,7328,13914,0,0,0,0,0.0,0,0
2026-05-14T15:20:12,7328,13914,0,0,0,0,0.0,0,0
2026-05-14T15:20:14,7328,13914,0,0,0,0,0.0,0,0
2026-05-14T15:20:16,7398,13984,0,0,0,0,0.0,0,0
2026-05-14T15:20:18,7398,13984,0,0,0,0,0.0,0,0
2026-05-14T15:20:20,7398,13984,0,0,0,0,0.0,0,0
2026-05-14T15:20:23,7398,13984,0,0,0,0,0.0,0,0
2026-05-14T15:20:25,7398,13984,0,0,0,0,0.0,0,0
2026-05-14T15:20:28,7398,13984,0,0,0,0,0.0,0,0
2026-05-14T15:20:30,7398,13984,0,0,0,0,0.0,0,0
2026-05-14T15:20:32,7398,13984,0,0,0,0,0.0,0,0
2026-05-14T15:20:34,7398,13984,0,0,0,0,0.0,0,0
2026-05-14T15:20:36,7398,13984,0,0,0,0,0.0,0,0
2026-05-14T15:20:39,7398,13984,0,0,0,0,0.0,0,0
2026-05-14T15:20:41,7398,13984,0,0,0,0,0.0,0,0
2026-05-14T15:20:43,7398,13984,0,0,0,0,0.0,0,0
2026-05-14T15:20:46,7398,13984,0,0,0,0,0.0,0,0
2026-05-14T15:20:48,7398,13984,0,0,0,0,0.0,0,0
2026-05-14T15:20:50,7398,13984,0,0,0,0,0.0,0,0
2026-05-14T15:20:53,7398,13984,0,0,0,0,0.0,0,0
2026-05-14T15:20:55,7398,13984,0,0,0,0,0.0,0,0
2026-05-14T15:20:57,7398,13984,0,0,0,0,0.0,0,0
2026-05-14T15:20:59,7398,13984,0,0,0,0,0.0,0,0
2026-05-14T15:21:02,7398,13984,0,0,0,0,0.0,0,0
2026-05-14T15:21:04,7398,13984,0,0,0,0,0.0,0,0
2026-05-14T15:21:06,7398,13984,0,0,0,0,0.0,0,0
2026-05-14T15:21:08,7398,13984,0,0,0,0,0.0,0,0
2026-05-14T15:21:11,7398,13984,0,0,0,0,0.0,0,0
2026-05-14T15:21:13,7398,13984,0,0,0,0,0.0,0,0
2026-05-14T15:21:15,7398,13984,0,0,0,0,0.0,0,0
2026-05-14T15:21:17,7398,13984,0,0,0,0,0.0,0,0
2026-05-14T15:21:19,7398,13984,0,0,0,0,0.0,0,0
2026-05-14T15:21:21,7398,13984,0,0,0,0,0.0,0,0
2026-05-14T15:21:23,7398,14054,0,0,0,0,0.0,0,0
2026-05-14T15:21:25,7398,14054,0,0,0,0,0.0,0,0
2026-05-14T15:21:28,7398,14054,0,0,0,0,0.0,0,0
2026-05-14T15:21:30,7398,14054,0,0,0,0,0.0,0,0
2026-05-14T15:21:32,7398,14054,0,0,0,0,0.0,0,0
2026-05-14T15:21:34,7398,14054,0,0,0,0,0.0,0,0
2026-05-14T15:21:36,7398,14054,0,0,0,0,0.0,0,0
2026-05-14T15:21:38,7398,14054,0,0,0,0,0.0,0,0
2026-05-14T15:21:41,7505,14375,0,0,0,0,0.002,0,0
2026-05-14T15:21:43,7505,14375,0,0,0,0,0.0,0,0
2026-05-14T15:21:45,7505,14375,0,0,0,0,0.0,0,0
2026-05-14T15:21:47,7505,14375,0,0,0,0,0.0,0,0
2026-05-14T15:21:49,7505,14375,0,0,0,0,0.0,0,0
2026-05-14T15:21:52,7505,14375,0,0,0,0,0.0,0,0
2026-05-14T15:21:54,7505,14375,0,0,0,0,0.0,0,0
2026-05-14T15:21:56,7505,14375,0,0,0,0,0.0,0,0
2026-05-14T15:21:58,7505,14375,0,0,0,0,0.0,0,0
2026-05-14T15:22:00,7505,14375,0,0,0,0,0.0,0,0
2026-05-14T15:22:03,7505,14375,0,0,0,0,0.0,0,0
2026-05-14T15:22:05,7505,14375,0,0,0,0,0.0,0,0
2026-05-14T15:22:07,7505,14375,0,0,0,0,0.0,0,0
2026-05-14T15:22:09,7505,14375,0,0,0,0,0.0,0,0
2026-05-14T15:22:11,7505,14375,0,0,0,0,0.0,0,0
2026-05-14T15:22:14,7505,14375,0,0,0,0,0.0,0,0
2026-05-14T15:22:16,7505,14375,0,0,0,0,0.0,0,0
2026-05-14T15:22:18,7505,14375,0,0,0,0,0.0,0,0
2026-05-14T15:22:20,7505,14375,0,0,0,0,0.0,0,0
2026-05-14T15:22:23,7505,14375,0,0,0,0,0.0,0,0
2026-05-14T15:22:25,7505,14375,0,0,0,0,0.0,0,0
2026-05-14T15:22:27,7505,14375,0,0,0,0,0.0,0,0
2026-05-14T15:22:29,7575,14445,0,0,0,0,0.001,0,0
2026-05-14T15:22:31,7575,14445,0,0,0,0,0.0,0,0
2026-05-14T15:22:33,7575,14445,0,0,0,0,0.0,0,0
2026-05-14T15:22:36,7575,14445,0,0,0,0,0.0,0,0
2026-05-14T15:22:38,7575,14445,0,0,0,0,0.0,0,0
2026-05-14T15:22:40,7575,14445,0,0,0,0,0.0,0,0
2026-05-14T15:22:42,7575,14445,0,0,0,0,0.0,0,0
2026-05-14T15:22:44,7575,14445,0,0,0,0,0.0,0,0
2026-05-14T15:22:47,7575,14445,0,0,0,0,0.0,0,0
2026-05-14T15:22:49,7575,14445,0,0,0,0,0.0,0,0
2026-05-14T15:22:51,7575,14445,0,0,0,0,0.0,0,0
2026-05-14T15:22:53,7575,14445,0,0,0,0,0.0,0,0
2026-05-14T15:22:55,7575,14445,0,0,0,0,0.0,0,0
2026-05-14T15:22:57,7575,14445,0,0,0,0,0.0,0,0
2026-05-14T15:22:59,7575,14445,0,0,0,0,0.0,0,0
2026-05-14T15:23:01,7575,14445,0,0,0,0,0.0,0,0
2026-05-14T15:23:03,7575,14445,0,0,0,0,0.0,0,0
2026-05-14T15:23:05,7575,14445,0,0,0,0,0.0,0,0
2026-05-14T15:23:08,7575,14445,0,0,0,0,0.0,0,0
2026-05-14T15:23:10,7575,14445,0,0,0,0,0.0,0,0
2026-05-14T15:23:12,7575,14445,0,0,0,0,0.0,0,0
2026-05-14T15:23:15,7575,14445,0,0,0,0,0.0,0,0
2026-05-14T15:23:17,7575,14445,0,0,0,0,0.0,0,0
2026-05-14T15:23:19,7575,14445,0,0,0,0,0.0,0,0
2026-05-14T15:23:21,7575,14445,0,0,0,0,0.0,0,0
2026-05-14T15:23:23,7575,14445,0,0,0,0,0.0,0,0
2026-05-14T15:23:25,7575,14445,0,0,0,0,0.0,0,0
2026-05-14T15:23:27,7575,14445,0,0,0,0,0.0,0,0
2026-05-14T15:23:29,7575,14445,0,0,0,0,0.0,0,0
2026-05-14T15:23:31,7575,14445,0,0,0,0,0.0,0,0
2026-05-14T15:23:33,7575,14445,0,0,0,0,0.0,0,0
2026-05-14T15:23:36,7575,14445,0,0,0,0,0.0,0,0
2026-05-14T15:23:38,7575,14445,0,0,0,0,0.0,0,0
2026-05-14T15:23:40,7575,14445,0,0,0,0,0.0,0,0
2026-05-14T15:23:42,7575,14445,0,0,0,0,0.0,0,0
2026-05-14T15:23:44,7575,14445,0,0,0,0,0.0,0,0
2026-05-14T15:23:47,7575,14445,0,0,0,0,0.0,0,0
2026-05-14T15:23:49,7575,14445,0,0,0,0,0.0,0,0
2026-05-14T15:23:51,7575,14445,0,0,0,0,0.0,0,0
2026-05-14T15:23:53,7575,14445,0,0,0,0,0.0,0,0
2026-05-14T15:23:55,7575,14445,0,0,0,0,0.0,0,0
2026-05-14T15:23:57,7575,14445,0,0,0,0,0.0,0,0
2026-05-14T15:23:59,7575,14445,0,0,0,0,0.0,0,0
2026-05-14T15:24:02,7575,14445,0,0,0,0,0.0,0,0
2026-05-14T15:24:12,7645,14515,0,0,0,0,0.0,0,0
2026-05-14T15:24:14,7645,14515,0,0,0,0,0.0,0,0
2026-05-14T15:24:16,7645,14515,0,0,0,0,0.0,0,0
2026-05-14T15:24:18,7645,14515,0,0,0,0,0.0,0,0
2026-05-14T15:24:22,7645,14515,0,0,0,0,0.0,0,0
2026-05-14T15:24:24,7645,14515,0,0,0,0,0.0,0,0
2026-05-14T15:24:26,7645,14515,0,0,0,0,0.0,0,0
2026-05-14T15:24:28,7645,14515,0,0,0,0,0.0,0,0
2026-05-14T15:24:30,7645,14515,0,0,0,0,0.0,0,0
2026-05-14T15:24:32,7645,14515,0,0,0,0,0.0,0,0
2026-05-14T15:24:34,7645,14515,0,0,0,0,0.0,0,0
2026-05-14T15:24:36,7645,14515,0,0,0,0,0.0,0,0
2026-05-14T15:24:39,7645,14515,0,0,0,0,0.0,0,0
2026-05-14T15:24:41,7645,14515,0,0,0,0,0.0,0,0
2026-05-14T15:24:43,7645,14515,0,0,0,0,0.0,0,0
2026-05-14T15:24:45,7645,14515,0,0,0,0,0.0,0,0
2026-05-14T15:24:47,7645,14515,0,0,0,0,0.0,0,0
2026-05-14T15:24:50,7645,14515,0,0,0,0,0.0,0,0
2026-05-14T15:24:52,7645,14515,0,0,0,0,0.0,0,0
2026-05-14T15:24:54,7645,14515,0,0,0,0,0.0,0,0
2026-05-14T15:24:56,7645,14515,0,0,0,0,0.0,0,0
2026-05-14T15:24:58,7645,14515,0,0,0,0,0.0,0,0
2026-05-14T15:25:00,7645,14515,0,0,0,0,0.0,0,0
2026-05-14T15:25:02,7645,14515,0,0,0,0,0.0,0,0
2026-05-14T15:25:05,7645,14515,0,0,0,0,0.0,0,0
2026-05-14T15:25:07,7645,14515,0,0,0,0,0.0,0,0
2026-05-14T15:25:09,7645,14515,0,0,0,0,0.0,0,0
2026-05-14T15:25:11,7645,14515,0,0,0,0,0.0,0,0
2026-05-14T15:25:13,7645,14515,0,0,0,0,0.0,0,0
2026-05-14T15:25:15,7645,14515,0,0,0,0,0.0,0,0
2026-05-14T15:25:17,7645,14515,0,0,0,0,0.0,0,0
2026-05-14T15:25:19,7645,14515,0,0,0,0,0.0,0,0
2026-05-14T15:25:21,7645,14515,0,0,0,0,0.0,0,0
2026-05-14T15:25:23,7645,14515,0,0,0,0,0.0,0,0
2026-05-14T15:25:25,7645,14515,0,0,0,0,0.0,0,0
2026-05-14T15:25:27,7645,14515,0,0,0,0,0.0,0,0
2026-05-14T15:25:29,7645,14515,0,0,0,0,0.0,0,0
2026-05-14T15:25:31,7645,14515,0,0,0,0,0.0,0,0
2026-05-14T15:25:34,7645,14515,0,0,0,0,0.0,0,0
2026-05-14T15:25:36,7645,14515,0,0,0,0,0.0,0,0
2026-05-14T15:25:38,7645,14515,0,0,0,0,0.0,0,0
2026-05-14T15:25:40,7645,14515,0,0,0,0,0.0,0,0
2026-05-14T15:25:42,7645,14515,0,0,0,0,0.0,0,0
2026-05-14T15:25:44,7645,14515,0,0,0,0,0.0,0,0
2026-05-14T15:25:46,7645,14515,0,0,0,0,0.0,0,0
2026-05-14T15:25:48,7645,14515,0,0,0,0,0.0,0,0
2026-05-14T15:25:50,7645,14515,0,0,0,0,0.0,0,0
2026-05-14T15:25:52,7645,14515,0,0,0,0,0.0,0,0
2026-05-14T15:25:55,7645,14515,0,0,0,0,0.0,0,0
2026-05-14T15:25:57,7645,14515,0,0,0,0,0.0,0,0
2026-05-14T15:25:59,7645,14515,0,0,0,0,0.0,0,0
2026-05-14T15:26:01,7645,14515,0,0,0,0,0.0,0,0
2026-05-14T15:26:03,7645,14515,0,0,0,0,0.0,0,0
2026-05-14T15:26:05,7645,14515,0,0,0,0,0.0,0,0
2026-05-14T15:26:07,7645,14515,0,0,0,0,0.0,0,0
2026-05-14T15:26:10,7645,14515,0,0,0,0,0.0,0,0
2026-05-14T15:26:12,7645,14515,0,0,0,0,0.0,0,0
2026-05-14T15:26:14,7645,14515,0,0,0,0,0.0,0,0
2026-05-14T15:26:16,7645,14515,0,0,0,0,0.0,0,0
2026-05-14T15:26:18,7645,14515,0,0,0,0,0.0,0,0
2026-05-14T15:26:20,7645,14515,0,0,0,0,0.0,0,0
2026-05-14T15:26:22,7645,14515,0,0,0,0,0.0,0,0
2026-05-14T15:26:24,7645,14515,0,0,0,0,0.0,0,0
2026-05-14T15:26:26,7645,14515,0,0,0,0,0.0,0,0
2026-05-14T15:26:28,7645,14515,0,0,0,0,0.0,0,0
2026-05-14T15:26:30,7645,14515,0,0,0,0,0.0,0,0
2026-05-14T15:26:32,7645,14515,0,0,0,0,0.0,0,0
2026-05-14T15:26:34,7645,14515,0,0,0,0,0.0,0,0
2026-05-14T15:26:36,7645,14515,0,0,0,0,0.0,0,0
2026-05-14T15:26:39,7645,14515,0,0,0,0,0.0,0,0
2026-05-14T15:26:41,7645,14515,0,0,0,0,0.0,0,0
2026-05-14T15:26:43,7645,14515,0,0,0,0,0.0,0,0
2026-05-14T15:26:45,7645,14515,0,0,0,0,0.0,0,0
2026-05-14T15:26:47,7645,14515,0,0,0,0,0.0,0,0
2026-05-14T15:26:49,7645,14515,0,0,0,0,0.0,0,0
2026-05-14T15:26:51,7645,14515,0,0,0,0,0.0,0,0
2026-05-14T15:26:53,7645,14515,0,0,0,0,0.0,0,0
2026-05-14T15:26:56,7645,14515,0,0,0,0,0.0,0,0
2026-05-14T15:26:58,7645,14515,0,0,0,0,0.0,0,0
2026-05-14T15:27:00,7645,14515,0,0,0,0,0.0,0,0
2026-05-14T15:27:02,7645,14515,0,0,0,0,0.0,0,0
2026-05-14T15:27:04,7645,14515,0,0,0,0,0.0,0,0
2026-05-14T15:27:06,7645,14515,0,0,0,0,0.0,0,0
2026-05-14T15:27:08,7645,14515,0,0,0,0,0.0,0,0
2026-05-14T15:27:10,7645,14515,0,0,0,0,0.0,0,0
2026-05-14T15:27:12,7645,14515,0,0,0,0,0.0,0,0
2026-05-14T15:27:14,7645,14515,0,0,0,0,0.0,0,0
2026-05-14T15:27:17,7645,14515,0,0,0,0,0.0,0,0
2026-05-14T15:27:19,7645,14515,0,0,0,0,0.0,0,0
2026-05-14T15:27:21,7645,14515,0,0,0,0,0.0,0,0
2026-05-14T15:27:23,7645,14515,0,0,0,0,0.0,0,0
2026-05-14T15:27:25,7645,14515,0,0,0,0,0.0,0,0
2026-05-14T15:27:27,7645,14515,0,0,0,0,0.0,0,0
2026-05-14T15:27:29,7645,14515,0,0,0,0,0.0,0,0
2026-05-14T15:27:31,7645,14515,0,0,0,0,0.0,0,0
2026-05-14T15:27:33,7645,14515,0,0,0,0,0.0,0,0
2026-05-14T15:27:35,7645,14515,0,0,0,0,0.0,0,0
2026-05-14T15:27:38,7645,14515,0,0,0,0,0.0,0,0
2026-05-14T15:27:40,7645,14515,0,0,0,0,0.0,0,0
2026-05-14T15:27:42,7645,14515,0,0,0,0,0.0,0,0
2026-05-14T15:27:44,7645,14515,0,0,0,0,0.0,0,0
2026-05-14T15:27:46,7645,14515,0,0,0,0,0.0,0,0
2026-05-14T15:27:48,7645,14515,0,0,0,0,0.0,0,0
2026-05-14T15:27:50,7645,14515,0,0,0,0,0.0,0,0
2026-05-14T15:27:52,7645,14515,0,0,0,0,0.0,0,0
2026-05-14T15:27:55,7645,14515,0,0,0,0,0.0,0,0
2026-05-14T15:27:57,7645,14515,0,0,0,0,0.0,0,0
2026-05-14T15:27:59,7645,14515,0,0,0,0,0.0,0,0
2026-05-14T15:28:01,7645,14515,0,0,0,0,0.0,0,0
2026-05-14T15:28:03,7645,14515,0,0,0,0,0.0,0,0
2026-05-14T15:28:05,7645,14515,0,0,0,0,0.0,0,0
2026-05-14T15:28:07,7645,14515,0,0,0,0,0.0,0,0
2026-05-14T15:28:09,7645,14515,0,0,0,0,0.0,0,0
2026-05-14T15:28:12,7645,14515,0,0,0,0,0.0,0,0
2026-05-14T15:28:14,7645,14515,0,0,0,0,0.0,0,0
2026-05-14T15:28:16,7645,14515,0,0,0,0,0.0,0,0
2026-05-14T15:28:18,7645,14515,0,0,0,0,0.0,0,0
2026-05-14T15:28:20,7645,14515,0,0,0,0,0.0,0,0
2026-05-14T15:28:22,7645,14515,0,0,0,0,0.0,0,0
2026-05-14T15:28:24,7645,14515,0,0,0,0,0.0,0,0
2026-05-14T15:28:26,7645,14515,0,0,0,0,0.0,0,0
2026-05-14T15:28:29,7645,14515,0,0,0,0,0.0,0,0
2026-05-14T15:28:31,7645,14515,0,0,0,0,0.0,0,0
2026-05-14T15:28:33,7645,14515,0,0,0,0,0.0,0,0
2026-05-14T15:28:35,7645,14515,0,0,0,0,0.0,0,0
2026-05-14T15:28:37,7645,14515,0,0,0,0,0.0,0,0
2026-05-14T15:28:39,7645,14515,0,0,0,0,0.0,0,0
2026-05-14T15:28:41,7645,14515,0,0,0,0,0.0,0,0
2026-05-14T15:28:44,7645,14515,0,0,0,0,0.0,0,0
2026-05-14T15:28:46,7645,14515,0,0,0,0,0.0,0,0
2026-05-14T15:28:48,7645,14515,0,0,0,0,0.0,0,0
2026-05-14T15:28:50,7645,14515,0,0,0,0,0.0,0,0
2026-05-14T15:28:52,7645,14515,0,0,0,0,0.0,0,0
2026-05-14T15:28:54,7645,14515,0,0,0,0,0.0,0,0
2026-05-14T15:28:57,7645,14515,0,0,0,0,0.0,0,0
2026-05-14T15:28:59,7645,14515,0,0,0,0,0.0,0,0
2026-05-14T15:29:01,7645,14515,0,0,0,0,0.0,0,0
2026-05-14T15:29:03,7645,14515,0,0,0,0,0.0,0,0
2026-05-14T15:29:05,7645,14515,0,0,0,0,0.0,0,0
2026-05-14T15:29:07,7645,14515,0,0,0,0,0.0,0,0
2026-05-14T15:29:09,7645,14515,0,0,0,0,0.0,0,0
2026-05-14T15:29:11,7645,14515,0,0,0,0,0.0,0,0
2026-05-14T15:29:13,7645,14515,0,0,0,0,0.0,0,0
2026-05-14T15:29:15,7645,14515,0,0,0,0,0.0,0,0
2026-05-14T15:29:17,7645,14515,0,0,0,0,0.0,0,0
2026-05-14T15:29:19,7645,14515,0,0,0,0,0.0,0,0
2026-05-14T15:29:21,7645,14515,0,0,0,0,0.0,0,0
2026-05-14T15:29:23,7645,14515,0,0,0,0,0.0,0,0
2026-05-14T15:29:25,7645,14515,0,0,0,0,0.0,0,0
2026-05-14T15:29:27,7645,14515,0,0,0,0,0.0,0,0
2026-05-14T15:29:30,7645,14515,0,0,0,0,0.0,0,0
2026-05-14T15:29:32,7645,14515,0,0,0,0,0.0,0,0
2026-05-14T15:29:34,7645,14515,0,0,0,0,0.0,0,0
2026-05-14T15:29:36,7645,14515,0,0,0,0,0.0,0,0
2026-05-14T15:29:38,7645,14515,0,0,0,0,0.0,0,0
2026-05-14T15:29:40,7645,14515,0,0,0,0,0.0,0,0
2026-05-14T15:29:43,7645,14515,0,0,0,0,0.0,0,0
2026-05-14T15:29:45,7645,14515,0,0,0,0,0.0,0,0
2026-05-14T15:29:47,7645,14515,0,0,0,0,0.0,0,0
2026-05-14T15:29:49,7645,14515,0,0,0,0,0.0,0,0
2026-05-14T15:29:51,7645,14515,0,0,0,0,0.0,0,0
2026-05-14T15:29:53,7645,14515,0,0,0,0,0.0,0,0
2026-05-14T15:29:55,7645,14515,0,0,0,0,0.0,0,0
2026-05-14T15:29:57,7645,14515,0,0,0,0,0.0,0,0
2026-05-14T15:29:59,7645,14515,0,0,0,0,0.0,0,0
2026-05-14T15:30:01,7645,14515,0,0,0,0,0.0,0,0
2026-05-14T15:30:03,7645,14515,0,0,0,0,0.0,0,0
2026-05-14T15:30:05,7645,14515,0,0,0,0,0.0,0,0
2026-05-14T15:30:07,7645,14515,0,0,0,0,0.0,0,0
2026-05-14T15:30:09,7645,14515,0,0,0,0,0.0,0,0
2026-05-14T15:30:12,7645,14515,0,0,0,0,0.0,0,0
2026-05-14T15:30:14,7645,14515,0,0,0,0,0.0,0,0
2026-05-14T15:30:16,7645,14515,0,0,0,0,0.0,0,0
2026-05-14T15:30:18,7645,14515,0,0,0,0,0.0,0,0
2026-05-14T15:30:20,7645,14515,0,0,0,0,0.0,0,0
2026-05-14T15:30:22,7645,14515,0,0,0,0,0.0,0,0
2026-05-14T15:30:24,7645,14515,0,0,0,0,0.0,0,0
2026-05-14T15:30:26,7645,14515,0,0,0,0,0.0,0,0
2026-05-14T15:30:28,7645,14515,0,0,0,0,0.0,0,0
2026-05-14T15:30:30,7645,14515,0,0,0,0,0.0,0,0
2026-05-14T15:30:33,7645,14515,0,0,0,0,0.0,0,0
2026-05-14T15:30:35,7645,14515,0,0,0,0,0.0,0,0
2026-05-14T15:30:37,7645,14515,0,0,0,0,0.0,0,0
2026-05-14T15:30:39,7645,14515,0,0,0,0,0.0,0,0
2026-05-14T15:30:41,7645,14515,0,0,0,0,0.0,0,0
2026-05-14T15:30:43,7645,14515,0,0,0,0,0.0,0,0
2026-05-14T15:30:45,7645,14515,0,0,0,0,0.0,0,0
2026-05-14T15:30:47,7645,14515,0,0,0,0,0.0,0,0
2026-05-14T15:30:49,7645,14515,0,0,0,0,0.0,0,0
2026-05-14T15:30:51,7645,14515,0,0,0,0,0.0,0,0
2026-05-14T15:30:53,7645,14515,0,0,0,0,0.0,0,0
2026-05-14T15:30:55,7645,14515,0,0,0,0,0.0,0,0
2026-05-14T15:30:58,7645,14515,0,0,0,0,0.0,0,0
2026-05-14T15:31:00,7645,14515,0,0,0,0,0.0,0,0
2026-05-14T15:31:02,7645,14515,0,0,0,0,0.0,0,0
2026-05-14T15:31:04,7645,14515,0,0,0,0,0.0,0,0
2026-05-14T15:31:06,7645,14515,0,0,0,0,0.0,0,0
2026-05-14T15:31:08,7645,14515,0,0,0,0,0.0,0,0
2026-05-14T15:31:10,7645,14515,0,0,0,0,0.0,0,0
2026-05-14T15:31:12,7645,14515,0,0,0,0,0.0,0,0
2026-05-14T15:31:15,7645,14515,0,0,0,0,0.0,0,0
2026-05-14T15:31:17,7645,14515,0,0,0,0,0.0,0,0
2026-05-14T15:31:19,7645,14515,0,0,0,0,0.0,0,0
2026-05-14T15:31:21,7645,14515,0,0,0,0,0.0,0,0
2026-05-14T15:31:23,7645,14515,0,0,0,0,0.0,0,0
2026-05-14T15:31:25,7645,14515,0,0,0,0,0.0,0,0
2026-05-14T15:31:27,7645,14515,0,0,0,0,0.0,0,0
2026-05-14T15:31:29,7645,14515,0,0,0,0,0.0,0,0
2026-05-14T15:31:32,7645,14515,0,0,0,0,0.0,0,0
2026-05-14T15:31:34,7645,14515,0,0,0,0,0.0,0,0
2026-05-14T15:31:36,7645,14515,0,0,0,0,0.0,0,0
2026-05-14T15:31:38,7645,14515,0,0,0,0,0.0,0,0
2026-05-14T15:31:40,7645,14515,0,0,0,0,0.0,0,0
2026-05-14T15:31:42,7645,14515,0,0,0,0,0.0,0,0
2026-05-14T15:31:45,7645,14515,0,0,0,0,0.0,0,0
2026-05-14T15:31:47,7645,14515,0,0,0,0,0.0,0,0
2026-05-14T15:31:49,7645,14515,0,0,0,0,0.0,0,0
2026-05-14T15:31:51,7645,14515,0,0,0,0,0.0,0,0
2026-05-14T15:31:53,7645,14515,0,0,0,0,0.0,0,0
2026-05-14T15:31:55,7645,14515,0,0,0,0,0.0,0,0
2026-05-14T15:31:57,7645,14515,0,0,0,0,0.0,0,0
2026-05-14T15:31:59,7645,14515,0,0,0,0,0.0,0,0
2026-05-14T15:32:02,7645,14515,0,0,0,0,0.0,0,0
2026-05-14T15:32:04,7645,14515,0,0,0,0,0.0,0,0
2026-05-14T15:32:06,7645,14515,0,0,0,0,0.0,0,0
2026-05-14T15:32:08,7645,14515,0,0,0,0,0.0,0,0
2026-05-14T15:32:10,7645,14515,0,0,0,0,0.0,0,0
2026-05-14T15:32:12,10128643,10135513,0,0,0,0,78.616,0,0
2026-05-14T15:32:14,22272889,22279759,0,0,0,0,94.405,0,0
2026-05-14T15:32:16,33633715,33575359,0,0,0,0,88.338,0,0
2026-05-14T15:32:18,45386341,45393211,0,0,0,0,88.727,0,0
2026-05-14T15:32:20,56420689,56427559,0,0,0,0,77.425,0,0
2026-05-14T15:32:22,67063351,67070221,0,0,0,0,81.704,0,0
2026-05-14T15:32:25,78554743,78561613,0,0,0,0,84.21,0,0
2026-05-14T15:32:27,89654383,89661253,0,0,0,0,85.359,0,0
2026-05-14T15:32:29,100949701,100891345,0,0,0,0,86.544,0,0
2026-05-14T15:32:31,112375801,112317445,0,0,0,0,89.225,0,0
2026-05-14T15:32:33,123867193,123808837,0,0,0,0,89.68,0,0
2026-05-14T15:32:35,135619831,135626701,0,0,0,0,87.901,0,0
2026-05-14T15:32:37,147307099,147313969,0,0,0,0,90.192,0,0
2026-05-14T15:32:39,158406739,158413609,0,0,0,0,86.534,0,0
2026-05-14T15:32:41,164589031,164595901,0,0,0,0,47.403,0,0
2026-05-14T15:32:43,164589031,164595901,0,0,0,0,0.0,0,0
2026-05-14T15:32:46,164589031,164595901,0,0,0,0,0.0,0,0
2026-05-14T15:32:48,164589031,164595901,0,0,0,0,0.0,0,0
2026-05-14T15:32:50,164589031,164595901,0,0,0,0,0.0,0,0
2026-05-14T15:32:52,164589031,164595971,0,0,0,0,0.0,0,0
2026-05-14T15:32:54,164589031,164595971,0,0,0,0,0.0,0,0
2026-05-14T15:32:56,164589031,164595971,0,0,0,0,0.0,0,0
2026-05-14T15:32:58,164589031,164595971,0,0,0,0,0.0,0,0
2026-05-14T15:33:00,164589031,164595971,0,0,0,0,0.0,0,0
2026-05-14T15:33:02,164589031,164595971,0,0,0,0,0.0,0,0
2026-05-14T15:33:04,164589031,164595971,0,0,0,0,0.0,0,0
2026-05-14T15:33:06,164589031,164595971,0,0,0,0,0.0,0,0
2026-05-14T15:33:08,164589031,164595971,0,0,0,0,0.0,0,0
2026-05-14T15:33:10,164589031,164595971,0,0,0,0,0.0,0,0
2026-05-14T15:33:12,164589031,164595971,0,0,0,0,0.0,0,0
2026-05-14T15:33:15,164589031,164595971,0,0,0,0,0.0,0,0
2026-05-14T15:33:17,164589031,164595971,0,0,0,0,0.0,0,0
2026-05-14T15:33:19,164589031,164595971,0,0,0,0,0.0,0,0
2026-05-14T15:33:21,164589031,164595971,0,0,0,0,0.0,0,0
2026-05-14T15:33:23,164589031,164595971,0,0,0,0,0.0,0,0
2026-05-14T15:33:25,164589031,164595971,0,0,0,0,0.0,0,0
2026-05-14T15:33:27,164589031,164595971,0,0,0,0,0.0,0,0
2026-05-14T15:33:29,164589031,164595971,0,0,0,0,0.0,0,0
2026-05-14T15:33:31,164589031,164595971,0,0,0,0,0.0,0,0
2026-05-14T15:33:33,164589031,164595971,0,0,0,0,0.0,0,0
2026-05-14T15:33:36,164589031,164595971,0,0,0,0,0.0,0,0
2026-05-14T15:33:38,164589031,164595971,0,0,0,0,0.0,0,0
2026-05-14T15:33:40,164589031,164595971,0,0,0,0,0.0,0,0
2026-05-14T15:33:42,164589031,164595971,0,0,0,0,0.0,0,0
2026-05-14T15:33:44,164589031,164595971,0,0,0,0,0.0,0,0
2026-05-14T15:33:46,164589031,164595971,0,0,0,0,0.0,0,0
2026-05-14T15:33:48,164589031,164595971,0,0,0,0,0.0,0,0
2026-05-14T15:33:50,164589031,164595971,0,0,0,0,0.0,0,0
2026-05-14T15:33:52,164589031,164595971,0,0,0,0,0.0,0,0
2026-05-14T15:33:54,164589031,164595971,0,0,0,0,0.0,0,0
2026-05-14T15:33:57,164589031,164595971,0,0,0,0,0.0,0,0
2026-05-14T15:33:59,164589031,164595971,0,0,0,0,0.0,0,0
2026-05-14T15:34:01,164589031,164595971,0,0,0,0,0.0,0,0
2026-05-14T15:34:03,164589031,164595971,0,0,0,0,0.0,0,0
2026-05-14T15:34:05,164589031,164595971,0,0,0,0,0.0,0,0
2026-05-14T15:34:07,164589031,164595971,0,0,0,0,0.0,0,0
2026-05-14T15:34:09,164589031,164595971,0,0,0,0,0.0,0,0
2026-05-14T15:34:11,164589031,164595971,0,0,0,0,0.0,0,0
2026-05-14T15:34:13,164589031,164595971,0,0,0,0,0.0,0,0
2026-05-14T15:34:16,164589031,164595971,0,0,0,0,0.0,0,0
2026-05-14T15:34:18,164589031,164595971,0,0,0,0,0.0,0,0
2026-05-14T15:34:20,164589031,164595971,0,0,0,0,0.0,0,0
2026-05-14T15:34:22,164589031,164595971,0,0,0,0,0.0,0,0
2026-05-14T15:34:24,164589031,164595971,0,0,0,0,0.0,0,0
2026-05-14T15:34:26,164589031,164595971,0,0,0,0,0.0,0,0
2026-05-14T15:34:28,164589031,164595971,0,0,0,0,0.0,0,0
2026-05-14T15:34:30,164589031,164595971,0,0,0,0,0.0,0,0
2026-05-14T15:34:33,164589031,164595971,0,0,0,0,0.0,0,0
2026-05-14T15:34:35,164589031,164595971,0,0,0,0,0.0,0,0
2026-05-14T15:34:37,164589031,164595971,0,0,0,0,0.0,0,0
2026-05-14T15:34:39,164589031,164595971,0,0,0,0,0.0,0,0
2026-05-14T15:34:41,164589031,164595971,0,0,0,0,0.0,0,0
2026-05-14T15:34:43,164589031,164595971,0,0,0,0,0.0,0,0
2026-05-14T15:34:45,164589031,164595971,0,0,0,0,0.0,0,0
2026-05-14T15:34:47,164589031,164595971,0,0,0,0,0.0,0,0
2026-05-14T15:34:50,164589031,164595971,0,0,0,0,0.0,0,0
2026-05-14T15:34:52,164589031,164595971,0,0,0,0,0.0,0,0
2026-05-14T15:34:54,164589031,164595971,0,0,0,0,0.0,0,0
2026-05-14T15:34:56,164589031,164595971,0,0,0,0,0.0,0,0
2026-05-14T15:34:58,164589031,164595971,0,0,0,0,0.0,0,0
2026-05-14T15:35:00,164589031,164595971,0,0,0,0,0.0,0,0
2026-05-14T15:35:02,164589101,164596041,0,0,0,0,0.001,0,0
2026-05-14T15:35:04,164589101,164596041,0,0,0,0,0.0,0,0
2026-05-14T15:35:06,164589101,164596041,0,0,0,0,0.0,0,0
2026-05-14T15:35:08,164589101,164596041,0,0,0,0,0.0,0,0
2026-05-14T15:35:10,164589101,164596041,0,0,0,0,0.0,0,0
2026-05-14T15:35:12,164589101,164596041,0,0,0,0,0.0,0,0
2026-05-14T15:35:14,164589101,164596041,0,0,0,0,0.0,0,0
2026-05-14T15:35:17,164589101,164596041,0,0,0,0,0.0,0,0
2026-05-14T15:35:19,164589101,164596041,0,0,0,0,0.0,0,0
2026-05-14T15:35:21,164589101,164596041,0,0,0,0,0.0,0,0
2026-05-14T15:35:23,164589101,164596041,0,0,0,0,0.0,0,0
2026-05-14T15:35:25,164589101,164596041,0,0,0,0,0.0,0,0
2026-05-14T15:35:27,164589101,164596041,0,0,0,0,0.0,0,0
2026-05-14T15:35:29,164589101,164596041,0,0,0,0,0.0,0,0
2026-05-14T15:35:31,164589101,164596041,0,0,0,0,0.0,0,0
2026-05-14T15:35:33,164589101,164596041,0,0,0,0,0.0,0,0
2026-05-14T15:35:35,164589171,164596111,0,0,0,0,0.001,0,0
2026-05-14T15:35:37,164589171,164596111,0,0,0,0,0.0,0,0
2026-05-14T15:35:40,164589171,164596111,0,0,0,0,0.0,0,0
2026-05-14T15:35:42,164589171,164596111,0,0,0,0,0.0,0,0
2026-05-14T15:35:44,164589171,164596111,0,0,0,0,0.0,0,0
2026-05-14T15:35:46,164589171,164596111,0,0,0,0,0.0,0,0
2026-05-14T15:35:48,164589171,164596111,0,0,0,0,0.0,0,0
2026-05-14T15:35:50,164589171,164596111,0,0,0,0,0.0,0,0
2026-05-14T15:35:52,164589171,164596111,0,0,0,0,0.0,0,0
2026-05-14T15:35:54,164589171,164596111,0,0,0,0,0.0,0,0
2026-05-14T15:35:56,164589171,164596111,0,0,0,0,0.0,0,0
2026-05-14T15:35:58,164589171,164596111,0,0,0,0,0.0,0,0
2026-05-14T15:36:00,164589171,164596111,0,0,0,0,0.0,0,0
2026-05-14T15:36:03,164589171,164596111,0,0,0,0,0.0,0,0
2026-05-14T15:36:05,164589171,164596111,0,0,0,0,0.0,0,0
2026-05-14T15:36:07,164589171,164596111,0,0,0,0,0.0,0,0
2026-05-14T15:36:09,164589171,164596111,0,0,0,0,0.0,0,0
2026-05-14T15:36:11,164589171,164596111,0,0,0,0,0.0,0,0
2026-05-14T15:36:13,164589171,164596111,0,0,0,0,0.0,0,0
2026-05-14T15:36:15,164589171,164596111,0,0,0,0,0.0,0,0
2026-05-14T15:36:18,164589171,164596111,0,0,0,0,0.0,0,0
2026-05-14T15:36:20,164589171,164596111,0,0,0,0,0.0,0,0
2026-05-14T15:36:22,164589171,164596111,0,0,0,0,0.0,0,0
2026-05-14T15:36:24,164589171,164596111,0,0,0,0,0.0,0,0
2026-05-14T15:36:26,164589171,164596111,0,0,0,0,0.0,0,0
2026-05-14T15:36:28,164589171,164596111,0,0,0,0,0.0,0,0
2026-05-14T15:36:30,164589171,164596111,0,0,0,0,0.0,0,0
2026-05-14T15:36:32,164589171,164596111,0,0,0,0,0.0,0,0
2026-05-14T15:36:34,164589171,164596111,0,0,0,0,0.0,0,0
2026-05-14T15:36:36,164589171,164596111,0,0,0,0,0.0,0,0
2026-05-14T15:36:38,164589171,164596111,0,0,0,0,0.0,0,0
2026-05-14T15:36:41,164589171,164596111,0,0,0,0,0.0,0,0
2026-05-14T15:36:43,164589171,164596111,0,0,0,0,0.0,0,0
2026-05-14T15:36:45,164589171,164596111,0,0,0,0,0.0,0,0
2026-05-14T15:36:47,164589171,164596111,0,0,0,0,0.0,0,0
2026-05-14T15:36:49,164589171,164596111,0,0,0,0,0.0,0,0
2026-05-14T15:36:51,164589171,164596111,0,0,0,0,0.0,0,0
2026-05-14T15:36:53,164589171,164596111,0,0,0,0,0.0,0,0
2026-05-14T15:36:55,164589171,164596111,0,0,0,0,0.0,0,0
2026-05-14T15:36:57,164589171,164596111,0,0,0,0,0.0,0,0
2026-05-14T15:36:59,164589171,164596111,0,0,0,0,0.0,0,0
2026-05-14T15:37:01,164589171,164596111,0,0,0,0,0.0,0,0
2026-05-14T15:37:04,164589171,164596111,0,0,0,0,0.0,0,0
2026-05-14T15:37:06,164589171,164596111,0,0,0,0,0.0,0,0
2026-05-14T15:37:08,164589171,164596111,0,0,0,0,0.0,0,0
2026-05-14T15:37:10,164589171,164596111,0,0,0,0,0.0,0,0
2026-05-14T15:37:12,164589171,164596111,0,0,0,0,0.0,0,0
2026-05-14T15:37:14,164589171,164596111,0,0,0,0,0.0,0,0
2026-05-14T15:37:16,164589171,164596111,0,0,0,0,0.0,0,0
2026-05-14T15:37:18,164589171,164596111,0,0,0,0,0.0,0,0
2026-05-14T15:37:20,164589171,164596111,0,0,0,0,0.0,0,0
2026-05-14T15:37:22,164589171,164596111,0,0,0,0,0.0,0,0
2026-05-14T15:37:25,164589171,164596111,0,0,0,0,0.0,0,0
2026-05-14T15:37:27,164589171,164596111,0,0,0,0,0.0,0,0
2026-05-14T15:37:29,164589171,164596111,0,0,0,0,0.0,0,0
2026-05-14T15:37:31,164589171,164596111,0,0,0,0,0.0,0,0
2026-05-14T15:37:33,164589171,164596111,0,0,0,0,0.0,0,0
2026-05-14T15:37:35,164589171,164596111,0,0,0,0,0.0,0,0
2026-05-14T15:37:37,164589171,164596111,0,0,0,0,0.0,0,0
2026-05-14T15:37:40,164589171,164596111,0,0,0,0,0.0,0,0
2026-05-14T15:37:42,164589171,164596111,0,0,0,0,0.0,0,0
2026-05-14T15:37:44,164589171,164596111,0,0,0,0,0.0,0,0
2026-05-14T15:37:46,164589171,164596111,0,0,0,0,0.0,0,0
2026-05-14T15:37:48,164589171,164596111,0,0,0,0,0.0,0,0
2026-05-14T15:37:50,164589171,164596111,0,0,0,0,0.0,0,0
2026-05-14T15:37:52,164589171,164596111,0,0,0,0,0.0,0,0
2026-05-14T15:37:54,164589171,164596111,0,0,0,0,0.0,0,0
2026-05-14T15:37:56,164589171,164596111,0,0,0,0,0.0,0,0
2026-05-14T15:37:58,164589171,164596111,0,0,0,0,0.0,0,0
2026-05-14T15:38:00,164589171,164596111,0,0,0,0,0.0,0,0
2026-05-14T15:38:02,164589171,164596111,0,0,0,0,0.0,0,0
2026-05-14T15:38:04,164589171,164596111,0,0,0,0,0.0,0,0
2026-05-14T15:38:06,164589171,164596111,0,0,0,0,0.0,0,0
2026-05-14T15:38:09,164589171,164596111,0,0,0,0,0.0,0,0
2026-05-14T15:38:11,164589171,164596111,0,0,0,0,0.0,0,0
2026-05-14T15:38:13,164589171,164596111,0,0,0,0,0.0,0,0
2026-05-14T15:38:15,164589171,164596111,0,0,0,0,0.0,0,0
2026-05-14T15:38:17,164589171,164596111,0,0,0,0,0.0,0,0
2026-05-14T15:38:19,164589171,164596181,0,0,0,0,0.0,0,0
2026-05-14T15:38:21,164589171,164596181,0,0,0,0,0.0,0,0
2026-05-14T15:38:23,164589171,164596181,0,0,0,0,0.0,0,0
2026-05-14T15:38:25,164589171,164596181,0,0,0,0,0.0,0,0
2026-05-14T15:38:27,164589171,164596181,0,0,0,0,0.0,0,0
2026-05-14T15:38:29,164589171,164596181,0,0,0,0,0.0,0,0
2026-05-14T15:38:31,164589171,164596181,0,0,0,0,0.0,0,0
2026-05-14T15:38:33,164589171,164596181,0,0,0,0,0.0,0,0
2026-05-14T15:38:35,164589171,164596181,0,0,0,0,0.0,0,0
2026-05-14T15:38:37,164589171,164596181,0,0,0,0,0.0,0,0
2026-05-14T15:38:39,164589171,164596181,0,0,0,0,0.0,0,0
2026-05-14T15:38:42,164589171,164596181,0,0,0,0,0.0,0,0
2026-05-14T15:38:44,164589278,164596502,0,0,0,0,0.002,0,0
2026-05-14T15:38:46,164589278,164596502,0,0,0,0,0.0,0,0
2026-05-14T15:38:48,164589278,164596502,0,0,0,0,0.0,0,0
2026-05-14T15:38:50,164589278,164596502,0,0,0,0,0.0,0,0
2026-05-14T15:38:52,164589278,164596502,0,0,0,0,0.0,0,0
2026-05-14T15:38:54,164589278,164596502,0,0,0,0,0.0,0,0
2026-05-14T15:38:56,164589278,164596502,0,0,0,0,0.0,0,0
2026-05-14T15:38:58,164589278,164596502,0,0,0,0,0.0,0,0
2026-05-14T15:39:00,164589278,164596502,0,0,0,0,0.0,0,0
2026-05-14T15:39:02,164589278,164596502,0,0,0,0,0.0,0,0
2026-05-14T15:39:04,164589278,164596502,0,0,0,0,0.0,0,0
2026-05-14T15:39:06,164589278,164596502,0,0,0,0,0.0,0,0
2026-05-14T15:39:08,164589278,164596502,0,0,0,0,0.0,0,0
2026-05-14T15:39:10,164589278,164596502,0,0,0,0,0.0,0,0
2026-05-14T15:39:13,164589278,164596502,0,0,0,0,0.0,0,0
2026-05-14T15:39:15,164589278,164596502,0,0,0,0,0.0,0,0
2026-05-14T15:39:17,164589278,164596502,0,0,0,0,0.0,0,0
2026-05-14T15:39:19,164589278,164596502,0,0,0,0,0.0,0,0
2026-05-14T15:39:21,164589278,164596502,0,0,0,0,0.0,0,0
2026-05-14T15:39:23,164589278,164596502,0,0,0,0,0.0,0,0
2026-05-14T15:39:25,164589278,164596502,0,0,0,0,0.0,0,0
2026-05-14T15:39:27,164589278,164596502,0,0,0,0,0.0,0,0
2026-05-14T15:39:29,164589278,164596502,0,0,0,0,0.0,0,0
2026-05-14T15:39:31,164589278,164596502,0,0,0,0,0.0,0,0
2026-05-14T15:39:33,164589278,164596502,0,0,0,0,0.0,0,0
2026-05-14T15:39:35,164589278,164596502,0,0,0,0,0.0,0,0
2026-05-14T15:39:38,164589278,164596502,0,0,0,0,0.0,0,0
2026-05-14T15:39:40,164589278,164596502,0,0,0,0,0.0,0,0
2026-05-14T15:39:42,164589278,164596502,0,0,0,0,0.0,0,0
2026-05-14T15:39:44,164589278,164596502,0,0,0,0,0.0,0,0
2026-05-14T15:39:46,164589278,164596502,0,0,0,0,0.0,0,0
2026-05-14T15:39:48,164589278,164596502,0,0,0,0,0.0,0,0
2026-05-14T15:39:50,164589278,164596502,0,0,0,0,0.0,0,0
2026-05-14T15:39:52,164589278,164596502,0,0,0,0,0.0,0,0
2026-05-14T15:39:54,164589278,164596502,0,0,0,0,0.0,0,0
2026-05-14T15:39:56,164589348,164596572,0,0,0,0,0.001,0,0
2026-05-14T15:39:58,164589348,164596572,0,0,0,0,0.0,0,0
2026-05-14T15:40:00,164589348,164596572,0,0,0,0,0.0,0,0
2026-05-14T15:40:02,164589348,164596572,0,0,0,0,0.0,0,0
2026-05-14T15:40:04,164589348,164596572,0,0,0,0,0.0,0,0
2026-05-14T15:40:07,164589348,164596572,0,0,0,0,0.0,0,0
2026-05-14T15:40:09,164589348,164596572,0,0,0,0,0.0,0,0
2026-05-14T15:40:11,164589348,164596572,0,0,0,0,0.0,0,0
2026-05-14T15:40:13,164589348,164596572,0,0,0,0,0.0,0,0
2026-05-14T15:40:15,164589348,164596572,0,0,0,0,0.0,0,0
2026-05-14T15:40:17,164589348,164596572,0,0,0,0,0.0,0,0
2026-05-14T15:40:19,164589348,164596572,0,0,0,0,0.0,0,0
2026-05-14T15:40:21,164589348,164596572,0,0,0,0,0.0,0,0
2026-05-14T15:40:23,164589348,164596572,0,0,0,0,0.0,0,0
2026-05-14T15:40:25,164589348,164596572,0,0,0,0,0.0,0,0
2026-05-14T15:40:27,164589348,164596572,0,0,0,0,0.0,0,0
2026-05-14T15:40:29,164589348,164596572,0,0,0,0,0.0,0,0
2026-05-14T15:40:31,164589348,164596572,0,0,0,0,0.0,0,0
2026-05-14T15:40:33,164589348,164596572,0,0,0,0,0.0,0,0
2026-05-14T15:40:36,164589348,164596572,0,0,0,0,0.0,0,0
2026-05-14T15:40:38,164589348,164596572,0,0,0,0,0.0,0,0
2026-05-14T15:40:40,164589348,164596572,0,0,0,0,0.0,0,0
2026-05-14T15:40:42,171509422,171516646,0,0,0,0,53.954,0,0
2026-05-14T15:40:44,182935522,182942746,0,0,0,0,89.163,0,0
2026-05-14T15:40:46,194492290,194499514,0,0,0,0,89.944,0,0
2026-05-14T15:40:48,206179492,206121490,0,0,0,0,90.071,0,0
2026-05-14T15:40:50,218258512,218200510,0,0,0,0,91.13,0,0
2026-05-14T15:40:52,229749838,229691836,0,0,0,0,89.736,0,0
2026-05-14T15:40:54,241698274,241640272,0,0,0,0,91.573,0,0
2026-05-14T15:40:56,253385608,253392832,0,0,0,0,90.642,0,0
2026-05-14T15:40:58,264811708,264818932,0,0,0,0,87.237,0,0
2026-05-14T15:41:00,276956020,276963244,0,0,0,0,92.256,0,0
2026-05-14T15:41:02,289230916,289172914,0,0,0,0,92.883,0,0
2026-05-14T15:41:05,301440520,301382518,0,0,0,0,93.866,0,0
2026-05-14T15:41:07,313780642,313787866,0,0,0,0,83.746,0,0
2026-05-14T15:41:09,326055472,326062696,0,0,0,0,92.36,0,0
2026-05-14T15:41:11,337169066,337176290,0,0,0,0,82.115,0,0
2026-05-14T15:41:13,337169066,337176290,0,0,0,0,0.0,0,0
2026-05-14T15:41:16,337169150,337176374,0,0,0,0,0.001,0,0
2026-05-14T15:41:18,337169150,337176374,0,0,0,0,0.0,0,0
2026-05-14T15:41:20,337169150,337176374,0,0,0,0,0.0,0,0
2026-05-14T15:41:22,337169150,337176374,0,0,0,0,0.0,0,0
2026-05-14T15:41:24,337169150,337176374,0,0,0,0,0.0,0,0
2026-05-14T15:41:26,337169150,337176374,0,0,0,0,0.0,0,0
2026-05-14T15:41:28,337169150,337176374,0,0,0,0,0.0,0,0
2026-05-14T15:41:31,337169150,337176374,0,0,0,0,0.0,0,0
2026-05-14T15:41:33,337169150,337176374,0,0,0,0,0.0,0,0
2026-05-14T15:41:35,337169150,337176374,0,0,0,0,0.0,0,0
2026-05-14T15:41:37,337169150,337176374,0,0,0,0,0.0,0,0
2026-05-14T15:41:40,337169150,337176374,0,0,0,0,0.0,0,0
2026-05-14T15:41:42,337169150,337176374,0,0,0,0,0.0,0,0
2026-05-14T15:41:44,337169150,337176374,0,0,0,0,0.0,0,0
2026-05-14T15:41:46,337169150,337176374,0,0,0,0,0.0,0,0
2026-05-14T15:41:48,337169150,337176374,0,0,0,0,0.0,0,0
2026-05-14T15:41:50,337169150,337176374,0,0,0,0,0.0,0,0
2026-05-14T15:41:52,337169150,337176374,0,0,0,0,0.0,0,0
2026-05-14T15:41:54,337169150,337176374,0,0,0,0,0.0,0,0
2026-05-14T15:41:56,337169150,337176374,0,0,0,0,0.0,0,0
2026-05-14T15:41:59,337169150,337176374,0,0,0,0,0.0,0,0
2026-05-14T15:42:01,337169150,337176374,0,0,0,0,0.0,0,0
2026-05-14T15:42:03,337169150,337176374,0,0,0,0,0.0,0,0
2026-05-14T15:42:05,337169150,337176374,0,0,0,0,0.0,0,0
2026-05-14T15:42:07,337169150,337176374,0,0,0,0,0.0,0,0
2026-05-14T15:42:09,337169150,337176374,0,0,0,0,0.0,0,0
2026-05-14T15:42:11,337169150,337176374,0,0,0,0,0.0,0,0
2026-05-14T15:42:13,337169150,337176374,0,0,0,0,0.0,0,0
2026-05-14T15:42:15,337169150,337176374,0,0,0,0,0.0,0,0
2026-05-14T15:42:18,337169150,337176374,0,0,0,0,0.0,0,0
2026-05-14T15:42:20,337169150,337176374,0,0,0,0,0.0,0,0
2026-05-14T15:42:22,337169150,337176374,0,0,0,0,0.0,0,0
2026-05-14T15:42:24,337169150,337176374,0,0,0,0,0.0,0,0
2026-05-14T15:42:26,337169150,337176374,0,0,0,0,0.0,0,0
2026-05-14T15:42:28,337169150,337176374,0,0,0,0,0.0,0,0
2026-05-14T15:42:30,337169150,337176374,0,0,0,0,0.0,0,0
2026-05-14T15:42:32,337169150,337176374,0,0,0,0,0.0,0,0
2026-05-14T15:42:34,337169150,337176374,0,0,0,0,0.0,0,0
2026-05-14T15:42:36,337169150,337176374,0,0,0,0,0.0,0,0
2026-05-14T15:42:38,337169150,337176374,0,0,0,0,0.0,0,0
2026-05-14T15:42:40,337169150,337176374,0,0,0,0,0.0,0,0
2026-05-14T15:42:43,337169150,337176374,0,0,0,0,0.0,0,0
2026-05-14T15:42:45,337169150,337176374,0,0,0,0,0.0,0,0
2026-05-14T15:42:47,337169150,337176374,0,0,0,0,0.0,0,0
2026-05-14T15:42:49,337169150,337176374,0,0,0,0,0.0,0,0
2026-05-14T15:42:51,337169150,337176374,0,0,0,0,0.0,0,0
2026-05-14T15:42:53,344160996,344168220,0,0,0,0,54.524,0,0
2026-05-14T15:42:55,355848990,355856214,0,0,0,0,89.955,0,0
2026-05-14T15:42:57,367862802,367870026,0,0,0,0,92.182,0,0
2026-05-14T15:42:59,379876464,379818462,0,0,0,0,92.903,0,0
2026-05-14T15:43:01,391694316,391636314,0,0,0,0,92.39,0,0
2026-05-14T15:43:03,403708044,403650042,0,0,0,0,93.691,0,0
2026-05-14T15:43:05,415787064,415729062,0,0,0,0,93.681,0,0
2026-05-14T15:43:08,426037974,425979972,0,0,0,0,79.634,0,0
2026-05-14T15:43:10,437659884,437601882,0,0,0,0,90.811,0,0
2026-05-14T15:43:12,449151276,449093274,0,0,0,0,89.857,0,0
2026-05-14T15:43:14,460773252,460715250,0,0,0,0,90.038,0,0
2026-05-14T15:43:16,472656462,472663686,0,0,0,0,89.927,0,0
2026-05-14T15:43:18,483494934,483436932,0,0,0,0,84.201,0,0
2026-05-14T15:43:20,494659800,494601798,0,0,0,0,86.059,0,0
2026-05-14T15:43:22,506085966,506093190,0,0,0,0,88.249,0,0
2026-05-14T15:43:24,506345748,506352972,0,0,0,0,1.901,0,0
2026-05-14T15:43:26,506345832,506353056,0,0,0,0,0.001,0,0
2026-05-14T15:43:28,506345832,506353056,0,0,0,0,0.0,0,0
2026-05-14T15:43:31,506345832,506353056,0,0,0,0,0.0,0,0
2026-05-14T15:43:33,506345832,506353056,0,0,0,0,0.0,0,0
2026-05-14T15:43:35,506345832,506353056,0,0,0,0,0.0,0,0
2026-05-14T15:43:37,506345832,506353056,0,0,0,0,0.0,0,0
2026-05-14T15:43:39,506345832,506353056,0,0,0,0,0.0,0,0
2026-05-14T15:43:41,506345832,506353056,0,0,0,0,0.0,0,0
2026-05-14T15:43:43,506345832,506353056,0,0,0,0,0.0,0,0
2026-05-14T15:43:45,506345832,506353056,0,0,0,0,0.0,0,0
2026-05-14T15:43:47,506345832,506353056,0,0,0,0,0.0,0,0
2026-05-14T15:43:49,506345832,506353056,0,0,0,0,0.0,0,0
2026-05-14T15:43:52,506345832,506353056,0,0,0,0,0.0,0,0
2026-05-14T15:43:54,506345832,506353056,0,0,0,0,0.0,0,0
2026-05-14T15:43:56,506345832,506353056,0,0,0,0,0.0,0,0
2026-05-14T15:43:58,506345832,506353056,0,0,0,0,0.0,0,0
2026-05-14T15:44:00,506345832,506353056,0,0,0,0,0.0,0,0
2026-05-14T15:44:02,506345832,506353056,0,0,0,0,0.0,0,0
2026-05-14T15:44:04,506345832,506353056,0,0,0,0,0.0,0,0
2026-05-14T15:44:06,506345832,506353056,0,0,0,0,0.0,0,0
2026-05-14T15:44:08,506345832,506353056,0,0,0,0,0.0,0,0
2026-05-14T15:44:10,506345832,506353056,0,0,0,0,0.0,0,0
2026-05-14T15:44:12,506345832,506353056,0,0,0,0,0.0,0,0
2026-05-14T15:44:14,506345832,506353056,0,0,0,0,0.0,0,0
2026-05-14T15:44:16,506345832,506353056,0,0,0,0,0.0,0,0
2026-05-14T15:44:19,506345902,506353126,0,0,0,0,0.001,0,0
2026-05-14T15:44:21,506345902,506353126,0,0,0,0,0.0,0,0
2026-05-14T15:44:23,506345902,506353126,0,0,0,0,0.0,0,0
2026-05-14T15:44:25,506345902,506353126,0,0,0,0,0.0,0,0
2026-05-14T15:44:27,506345902,506353126,0,0,0,0,0.0,0,0
2026-05-14T15:44:29,506345902,506353126,0,0,0,0,0.0,0,0
2026-05-14T15:44:31,506345902,506353126,0,0,0,0,0.0,0,0
2026-05-14T15:44:33,506345902,506353126,0,0,0,0,0.0,0,0
2026-05-14T15:44:35,506345902,506353126,0,0,0,0,0.0,0,0
2026-05-14T15:44:37,506345902,506353126,0,0,0,0,0.0,0,0
2026-05-14T15:44:40,506345902,506353126,0,0,0,0,0.0,0,0
2026-05-14T15:44:42,506345902,506353126,0,0,0,0,0.0,0,0
2026-05-14T15:44:44,506345902,506353126,0,0,0,0,0.0,0,0
2026-05-14T15:44:46,506345902,506353126,0,0,0,0,0.0,0,0
2026-05-14T15:44:48,506345902,506353126,0,0,0,0,0.0,0,0
2026-05-14T15:44:50,506345902,506353126,0,0,0,0,0.0,0,0
2026-05-14T15:44:52,506345902,506353126,0,0,0,0,0.0,0,0
2026-05-14T15:44:54,506345902,506353126,0,0,0,0,0.0,0,0
2026-05-14T15:44:56,506345902,506353126,0,0,0,0,0.0,0,0
2026-05-14T15:44:58,506345902,506353126,0,0,0,0,0.0,0,0
2026-05-14T15:45:00,506345902,506353126,0,0,0,0,0.0,0,0
2026-05-14T15:45:02,506345902,506353126,0,0,0,0,0.0,0,0
2026-05-14T15:45:04,506345902,506353126,0,0,0,0,0.0,0,0
2026-05-14T15:45:06,506345902,506353126,0,0,0,0,0.0,0,0
2026-05-14T15:45:08,506345902,506353126,0,0,0,0,0.0,0,0
2026-05-14T15:45:10,506345902,506353126,0,0,0,0,0.0,0,0
2026-05-14T15:45:12,506345902,506353126,0,0,0,0,0.0,0,0
2026-05-14T15:45:14,506345902,506353126,0,0,0,0,0.0,0,0
2026-05-14T15:45:17,506345902,506353126,0,0,0,0,0.0,0,0
2026-05-14T15:45:19,506345902,506353126,0,0,0,0,0.0,0,0
2026-05-14T15:45:21,506345902,506353126,0,0,0,0,0.0,0,0
2026-05-14T15:45:23,506345902,506353126,0,0,0,0,0.0,0,0
2026-05-14T15:45:25,506345902,506353126,0,0,0,0,0.0,0,0
2026-05-14T15:45:27,506345902,506353126,0,0,0,0,0.0,0,0
2026-05-14T15:45:29,506345902,506353126,0,0,0,0,0.0,0,0
2026-05-14T15:45:31,506345902,506353126,0,0,0,0,0.0,0,0
2026-05-14T15:45:33,506345902,506353126,0,0,0,0,0.0,0,0
2026-05-14T15:45:35,506345902,506353126,0,0,0,0,0.0,0,0
2026-05-14T15:45:37,506345902,506353126,0,0,0,0,0.0,0,0
2026-05-14T15:45:39,506345902,506353126,0,0,0,0,0.0,0,0
2026-05-14T15:45:41,506345902,506353126,0,0,0,0,0.0,0,0
2026-05-14T15:45:43,506345902,506353126,0,0,0,0,0.0,0,0
2026-05-14T15:45:45,506345902,506353126,0,0,0,0,0.0,0,0
2026-05-14T15:45:47,506345902,506353126,0,0,0,0,0.0,0,0
2026-05-14T15:45:50,506345902,506353126,0,0,0,0,0.0,0,0
2026-05-14T15:45:52,506345902,506353126,0,0,0,0,0.0,0,0
2026-05-14T15:45:54,506345902,506353126,0,0,0,0,0.0,0,0
2026-05-14T15:45:56,506345902,506353126,0,0,0,0,0.0,0,0
2026-05-14T15:45:58,506345902,506353126,0,0,0,0,0.0,0,0
2026-05-14T15:46:00,506345902,506353126,0,0,0,0,0.0,0,0
2026-05-14T15:46:02,506345902,506353126,0,0,0,0,0.0,0,0
2026-05-14T15:46:04,506345902,506353126,0,0,0,0,0.0,0,0
2026-05-14T15:46:06,506345902,506353126,0,0,0,0,0.0,0,0
2026-05-14T15:46:08,506345902,506353126,0,0,0,0,0.0,0,0
2026-05-14T15:46:10,506345902,506353126,0,0,0,0,0.0,0,0
2026-05-14T15:46:12,506345902,506353126,0,0,0,0,0.0,0,0
2026-05-14T15:46:14,506345902,506353126,0,0,0,0,0.0,0,0
2026-05-14T15:46:16,506345902,506353126,0,0,0,0,0.0,0,0
2026-05-14T15:46:18,506345902,506353126,0,0,0,0,0.0,0,0
2026-05-14T15:46:20,506345902,506353126,0,0,0,0,0.0,0,0
2026-05-14T15:46:22,506345902,506353126,0,0,0,0,0.0,0,0
2026-05-14T15:46:24,506345902,506353126,0,0,0,0,0.0,0,0
2026-05-14T15:46:26,506345902,506353126,0,0,0,0,0.0,0,0
2026-05-14T15:46:28,506345902,506353126,0,0,0,0,0.0,0,0
2026-05-14T15:46:31,506345902,506353126,0,0,0,0,0.0,0,0
2026-05-14T15:46:33,506345902,506353126,0,0,0,0,0.0,0,0
2026-05-14T15:46:35,506345902,506353126,0,0,0,0,0.0,0,0
2026-05-14T15:46:37,506345902,506353126,0,0,0,0,0.0,0,0
2026-05-14T15:46:39,506345902,506353126,0,0,0,0,0.0,0,0
2026-05-14T15:46:41,506345902,506353126,0,0,0,0,0.0,0,0
2026-05-14T15:46:43,506345902,506353126,0,0,0,0,0.0,0,0
2026-05-14T15:46:45,506345902,506353126,0,0,0,0,0.0,0,0
2026-05-14T15:46:47,506345902,506353126,0,0,0,0,0.0,0,0
2026-05-14T15:46:49,506345902,506353126,0,0,0,0,0.0,0,0
2026-05-14T15:46:51,506345902,506353126,0,0,0,0,0.0,0,0
2026-05-14T15:46:53,506345902,506353126,0,0,0,0,0.0,0,0
2026-05-14T15:46:55,506345902,506353126,0,0,0,0,0.0,0,0
2026-05-14T15:46:57,506345902,506353126,0,0,0,0,0.0,0,0
2026-05-14T15:46:59,506345902,506353126,0,0,0,0,0.0,0,0
2026-05-14T15:47:01,506345902,506353126,0,0,0,0,0.0,0,0
2026-05-14T15:47:03,506345902,506353126,0,0,0,0,0.0,0,0
2026-05-14T15:47:06,506345902,506353126,0,0,0,0,0.0,0,0
2026-05-14T15:47:08,506345902,506353126,0,0,0,0,0.0,0,0
2026-05-14T15:47:10,506345902,506353126,0,0,0,0,0.0,0,0
2026-05-14T15:47:12,506345902,506353126,0,0,0,0,0.0,0,0
2026-05-14T15:47:14,506345902,506353126,0,0,0,0,0.0,0,0
2026-05-14T15:47:16,506345902,506353126,0,0,0,0,0.0,0,0
2026-05-14T15:47:18,506345902,506353126,0,0,0,0,0.0,0,0
2026-05-14T15:47:20,506345902,506353126,0,0,0,0,0.0,0,0
2026-05-14T15:47:22,506345902,506353126,0,0,0,0,0.0,0,0
2026-05-14T15:47:24,506345902,506353126,0,0,0,0,0.0,0,0
2026-05-14T15:47:26,506345902,506353126,0,0,0,0,0.0,0,0
2026-05-14T15:47:28,506345902,506353126,0,0,0,0,0.0,0,0
2026-05-14T15:47:30,506345902,506353126,0,0,0,0,0.0,0,0
2026-05-14T15:47:32,506345902,506353126,0,0,0,0,0.0,0,0
2026-05-14T15:47:35,506345902,506353126,0,0,0,0,0.0,0,0
2026-05-14T15:47:37,506345902,506353126,0,0,0,0,0.0,0,0
2026-05-14T15:47:39,506345902,506353126,0,0,0,0,0.0,0,0
2026-05-14T15:47:41,506345902,506353126,0,0,0,0,0.0,0,0
2026-05-14T15:47:43,506345902,506353126,0,0,0,0,0.0,0,0
2026-05-14T15:47:45,506345902,506353126,0,0,0,0,0.0,0,0
2026-05-14T15:47:47,506345902,506353126,0,0,0,0,0.0,0,0
2026-05-14T15:47:49,506345902,506353126,0,0,0,0,0.0,0,0
2026-05-14T15:47:51,506345902,506353126,0,0,0,0,0.0,0,0
2026-05-14T15:47:53,506345902,506353126,0,0,0,0,0.0,0,0
2026-05-14T15:47:55,506345902,506353126,0,0,0,0,0.0,0,0
2026-05-14T15:47:57,506345902,506353126,0,0,0,0,0.0,0,0
2026-05-14T15:47:59,506345902,506353126,0,0,0,0,0.0,0,0
2026-05-14T15:48:01,506345902,506353126,0,0,0,0,0.0,0,0
2026-05-14T15:48:04,506345902,506353126,0,0,0,0,0.0,0,0
2026-05-14T15:48:06,506345902,506353126,0,0,0,0,0.0,0,0
2026-05-14T15:48:08,506345902,506353126,0,0,0,0,0.0,0,0
2026-05-14T15:48:10,506345902,506353126,0,0,0,0,0.0,0,0
2026-05-14T15:48:12,506345902,506353126,0,0,0,0,0.0,0,0
2026-05-14T15:48:14,506345902,506353126,0,0,0,0,0.0,0,0
2026-05-14T15:48:16,506345902,506353126,0,0,0,0,0.0,0,0
2026-05-14T15:48:18,506345902,506353126,0,0,0,0,0.0,0,0
2026-05-14T15:48:20,506345902,506353126,0,0,0,0,0.0,0,0
2026-05-14T15:48:22,506345902,506353126,0,0,0,0,0.0,0,0
2026-05-14T15:48:24,506345902,506353126,0,0,0,0,0.0,0,0
2026-05-14T15:48:26,506345902,506353126,0,0,0,0,0.0,0,0
2026-05-14T15:48:28,506345902,506353126,0,0,0,0,0.0,0,0
2026-05-14T15:48:30,506345902,506353126,0,0,0,0,0.0,0,0
2026-05-14T15:48:32,506345902,506353126,0,0,0,0,0.0,0,0
2026-05-14T15:48:34,506345902,506353126,0,0,0,0,0.0,0,0
2026-05-14T15:48:36,506345902,506353126,0,0,0,0,0.0,0,0
2026-05-14T15:48:38,506345902,506353126,0,0,0,0,0.0,0,0
2026-05-14T15:48:40,506345902,506353126,0,0,0,0,0.0,0,0
2026-05-14T15:48:43,506345902,506353126,0,0,0,0,0.0,0,0
2026-05-14T15:48:45,506345902,506353126,0,0,0,0,0.0,0,0
2026-05-14T15:48:47,506345902,506353126,0,0,0,0,0.0,0,0
2026-05-14T15:48:49,506345902,506353126,0,0,0,0,0.0,0,0
2026-05-14T15:48:51,506345902,506353126,0,0,0,0,0.0,0,0
2026-05-14T15:48:53,506345902,506353126,0,0,0,0,0.0,0,0
2026-05-14T15:48:55,506345902,506353126,0,0,0,0,0.0,0,0
2026-05-14T15:48:57,506345902,506353126,0,0,0,0,0.0,0,0
2026-05-14T15:48:59,506345902,506353126,0,0,0,0,0.0,0,0
2026-05-14T15:49:01,506345902,506353126,0,0,0,0,0.0,0,0
2026-05-14T15:49:03,506345902,506353126,0,0,0,0,0.0,0,0
2026-05-14T15:49:05,506345902,506353126,0,0,0,0,0.0,0,0
2026-05-14T15:49:08,506345902,506353126,0,0,0,0,0.0,0,0
2026-05-14T15:49:10,506345902,506353126,0,0,0,0,0.0,0,0
2026-05-14T15:49:12,506345902,506353126,0,0,0,0,0.0,0,0
2026-05-14T15:49:14,506345902,506353126,0,0,0,0,0.0,0,0
2026-05-14T15:49:16,506345902,506353126,0,0,0,0,0.0,0,0
2026-05-14T15:49:18,506345902,506353126,0,0,0,0,0.0,0,0
2026-05-14T15:49:20,506345902,506353126,0,0,0,0,0.0,0,0
2026-05-14T15:49:22,506345902,506353126,0,0,0,0,0.0,0,0
2026-05-14T15:49:24,506345902,506353126,0,0,0,0,0.0,0,0
2026-05-14T15:49:26,506345902,506353126,0,0,0,0,0.0,0,0
2026-05-14T15:49:28,506345902,506353126,0,0,0,0,0.0,0,0
2026-05-14T15:49:30,506345902,506353126,0,0,0,0,0.0,0,0
2026-05-14T15:49:32,506345902,506353126,0,0,0,0,0.0,0,0
2026-05-14T15:49:34,506345902,506353126,0,0,0,0,0.0,0,0
2026-05-14T15:49:36,506345902,506353126,0,0,0,0,0.0,0,0
2026-05-14T15:49:38,506345902,506353126,0,0,0,0,0.0,0,0
2026-05-14T15:49:41,506345902,506353126,0,0,0,0,0.0,0,0
2026-05-14T15:49:43,506345902,506353126,0,0,0,0,0.0,0,0
2026-05-14T15:49:45,506345902,506353126,0,0,0,0,0.0,0,0
2026-05-14T15:49:47,506345902,506353126,0,0,0,0,0.0,0,0
2026-05-14T15:49:49,506345902,506353126,0,0,0,0,0.0,0,0
2026-05-14T15:49:51,506345902,506353126,0,0,0,0,0.0,0,0
2026-05-14T15:49:53,506345902,506353126,0,0,0,0,0.0,0,0
2026-05-14T15:49:55,506345902,506353126,0,0,0,0,0.0,0,0
2026-05-14T15:49:57,506345902,506353126,0,0,0,0,0.0,0,0
2026-05-14T15:49:59,506345902,506353126,0,0,0,0,0.0,0,0
2026-05-14T15:50:01,506345902,506353126,0,0,0,0,0.0,0,0
2026-05-14T15:50:03,506345902,506353126,0,0,0,0,0.0,0,0
2026-05-14T15:50:05,506345902,506353126,0,0,0,0,0.0,0,0
2026-05-14T15:50:07,506345902,506353126,0,0,0,0,0.0,0,0
2026-05-14T15:50:09,506345902,506353126,0,0,0,0,0.0,0,0
2026-05-14T15:50:12,506345902,506353126,0,0,0,0,0.0,0,0
2026-05-14T15:50:14,506345902,506353126,0,0,0,0,0.0,0,0
2026-05-14T15:50:16,506345902,506353126,0,0,0,0,0.0,0,0
2026-05-14T15:50:18,506345902,506353126,0,0,0,0,0.0,0,0
2026-05-14T15:50:20,506345902,506353126,0,0,0,0,0.0,0,0
2026-05-14T15:50:22,506345902,506353126,0,0,0,0,0.0,0,0
2026-05-14T15:50:24,506345902,506353126,0,0,0,0,0.0,0,0
2026-05-14T15:50:26,506345902,506353126,0,0,0,0,0.0,0,0
2026-05-14T15:50:28,506345902,506353126,0,0,0,0,0.0,0,0
2026-05-14T15:50:30,506345902,506353126,0,0,0,0,0.0,0,0
2026-05-14T15:50:32,506345902,506353126,0,0,0,0,0.0,0,0
2026-05-14T15:50:34,506345902,506353126,0,0,0,0,0.0,0,0
2026-05-14T15:50:36,506345902,506353126,0,0,0,0,0.0,0,0
2026-05-14T15:50:38,506345902,506353126,0,0,0,0,0.0,0,0
2026-05-14T15:50:41,506345902,506353126,0,0,0,0,0.0,0,0
2026-05-14T15:50:43,506345902,506353126,0,0,0,0,0.0,0,0
2026-05-14T15:50:45,506345902,506353126,0,0,0,0,0.0,0,0
2026-05-14T15:50:47,506345902,506353126,0,0,0,0,0.0,0,0
2026-05-14T15:50:49,506345902,506353126,0,0,0,0,0.0,0,0
2026-05-14T15:50:51,506345902,506353126,0,0,0,0,0.0,0,0
2026-05-14T15:50:53,506345902,506353126,0,0,0,0,0.0,0,0
2026-05-14T15:50:55,506345902,506353126,0,0,0,0,0.0,0,0
2026-05-14T15:50:57,506345902,506353126,0,0,0,0,0.0,0,0
2026-05-14T15:50:59,506345902,506353126,0,0,0,0,0.0,0,0
2026-05-14T15:51:01,506345902,506353126,0,0,0,0,0.0,0,0
2026-05-14T15:51:03,506345902,506353126,0,0,0,0,0.0,0,0
2026-05-14T15:51:05,506345902,506353126,0,0,0,0,0.0,0,0
2026-05-14T15:51:07,506345902,506353126,0,0,0,0,0.0,0,0
2026-05-14T15:51:09,506345902,506353126,0,0,0,0,0.0,0,0
2026-05-14T15:51:11,506345902,506353126,0,0,0,0,0.0,0,0
2026-05-14T15:51:13,506345902,506353126,0,0,0,0,0.0,0,0
2026-05-14T15:51:15,506345902,506353126,0,0,0,0,0.0,0,0
2026-05-14T15:51:18,506345902,506353126,0,0,0,0,0.0,0,0
2026-05-14T15:51:20,506345902,506353126,0,0,0,0,0.0,0,0
2026-05-14T15:51:22,506345902,506353126,0,0,0,0,0.0,0,0
2026-05-14T15:51:24,506345902,506353126,0,0,0,0,0.0,0,0
2026-05-14T15:51:26,506345902,506353126,0,0,0,0,0.0,0,0
2026-05-14T15:51:28,506345902,506353126,0,0,0,0,0.0,0,0
2026-05-14T15:51:30,506345902,506353126,0,0,0,0,0.0,0,0
2026-05-14T15:51:32,506345902,506353126,0,0,0,0,0.0,0,0
2026-05-14T15:51:34,506345902,506353126,0,0,0,0,0.0,0,0
2026-05-14T15:51:36,506345902,506353126,0,0,0,0,0.0,0,0
2026-05-14T15:51:38,506345902,506353126,0,0,0,0,0.0,0,0
2026-05-14T15:51:40,506345902,506353126,0,0,0,0,0.0,0,0
2026-05-14T15:51:42,506345902,506353126,0,0,0,0,0.0,0,0
2026-05-14T15:51:44,506345902,506353126,0,0,0,0,0.0,0,0
2026-05-14T15:51:46,506345902,506353126,0,0,0,0,0.0,0,0
2026-05-14T15:51:48,506345902,506353126,0,0,0,0,0.0,0,0
2026-05-14T15:51:50,506345902,506353126,0,0,0,0,0.0,0,0
2026-05-14T15:51:53,506345902,506353126,0,0,0,0,0.0,0,0
2026-05-14T15:51:55,506345902,506353126,0,0,0,0,0.0,0,0
2026-05-14T15:51:57,506345902,506353126,0,0,0,0,0.0,0,0
2026-05-14T15:51:59,506345902,506353126,0,0,0,0,0.0,0,0
2026-05-14T15:52:01,506345902,506353126,0,0,0,0,0.0,0,0
2026-05-14T15:52:03,506345902,506353126,0,0,0,0,0.0,0,0
2026-05-14T15:52:05,506345902,506353126,0,0,0,0,0.0,0,0
2026-05-14T15:52:07,506345902,506353126,0,0,0,0,0.0,0,0
2026-05-14T15:52:09,506345902,506353126,0,0,0,0,0.0,0,0
2026-05-14T15:52:11,506345902,506353126,0,0,0,0,0.0,0,0
2026-05-14T15:52:13,506345902,506353126,0,0,0,0,0.0,0,0
2026-05-14T15:52:15,506345902,506353126,0,0,0,0,0.0,0,0
2026-05-14T15:52:17,506345902,506353126,0,0,0,0,0.0,0,0
2026-05-14T15:52:20,506345902,506353126,0,0,0,0,0.0,0,0
2026-05-14T15:52:22,506345902,506353126,0,0,0,0,0.0,0,0
2026-05-14T15:52:24,506345902,506353126,0,0,0,0,0.0,0,0
2026-05-14T15:52:26,506345902,506353126,0,0,0,0,0.0,0,0
2026-05-14T15:52:28,506345902,506353126,0,0,0,0,0.0,0,0
2026-05-14T15:52:30,506345902,506353126,0,0,0,0,0.0,0,0
2026-05-14T15:52:32,506345902,506353126,0,0,0,0,0.0,0,0
2026-05-14T15:52:34,506345902,506353126,0,0,0,0,0.0,0,0
2026-05-14T15:52:37,506345902,506353126,0,0,0,0,0.0,0,0
2026-05-14T15:52:39,506345902,506353126,0,0,0,0,0.0,0,0
2026-05-14T15:52:41,506345902,506353126,0,0,0,0,0.0,0,0
2026-05-14T15:52:43,506345902,506353126,0,0,0,0,0.0,0,0
2026-05-14T15:52:45,506345902,506353126,0,0,0,0,0.0,0,0
2026-05-14T15:52:48,506345902,506353126,0,0,0,0,0.0,0,0
2026-05-14T15:52:50,506345902,506353126,0,0,0,0,0.0,0,0
2026-05-14T15:52:52,506345902,506353126,0,0,0,0,0.0,0,0
2026-05-14T15:52:54,506345902,506353126,0,0,0,0,0.0,0,0
2026-05-14T15:52:57,506345902,506353126,0,0,0,0,0.0,0,0
2026-05-14T15:52:59,506345902,506353126,0,0,0,0,0.0,0,0
2026-05-14T15:53:01,506345902,506353126,0,0,0,0,0.0,0,0
2026-05-14T15:53:04,506345902,506353126,0,0,0,0,0.0,0,0
2026-05-14T15:53:06,506345902,506353126,0,0,0,0,0.0,0,0
2026-05-14T15:53:08,506345902,506353126,0,0,0,0,0.0,0,0
2026-05-14T15:53:11,506345902,506353126,0,0,0,0,0.0,0,0
2026-05-14T15:53:13,506345902,506353126,0,0,0,0,0.0,0,0
2026-05-14T15:53:16,506345902,506353126,0,0,0,0,0.0,0,0
2026-05-14T15:53:18,506345902,506353126,0,0,0,0,0.0,0,0
2026-05-14T15:53:20,506345902,506353126,0,0,0,0,0.0,0,0
2026-05-14T15:53:23,506345902,506353126,0,0,0,0,0.0,0,0
2026-05-14T15:53:25,506345902,506353126,0,0,0,0,0.0,0,0
2026-05-14T15:53:28,506345902,506353126,0,0,0,0,0.0,0,0
2026-05-14T15:53:30,506345902,506353126,0,0,0,0,0.0,0,0
2026-05-14T15:53:32,506345902,506353126,0,0,0,0,0.0,0,0
2026-05-14T15:53:34,506345902,506353126,0,0,0,0,0.0,0,0
2026-05-14T15:53:36,506345902,506353126,0,0,0,0,0.0,0,0
2026-05-14T15:53:38,506345902,506353126,0,0,0,0,0.0,0,0
2026-05-14T15:53:41,506345902,506353126,0,0,0,0,0.0,0,0
2026-05-14T15:53:43,506345902,506353126,0,0,0,0,0.0,0,0
2026-05-14T15:53:45,506345902,506353126,0,0,0,0,0.0,0,0
2026-05-14T15:53:47,506345902,506353126,0,0,0,0,0.0,0,0
2026-05-14T15:53:49,506345902,506353126,0,0,0,0,0.0,0,0
2026-05-14T15:53:51,506345902,506353126,0,0,0,0,0.0,0,0
2026-05-14T15:53:53,506345902,506353126,0,0,0,0,0.0,0,0
2026-05-14T15:53:56,506345902,506353126,0,0,0,0,0.0,0,0
2026-05-14T15:53:58,506345902,506353126,0,0,0,0,0.0,0,0
2026-05-14T15:54:00,506345902,506353126,0,0,0,0,0.0,0,0
2026-05-14T15:54:02,506345902,506353126,0,0,0,0,0.0,0,0
2026-05-14T15:54:04,506345902,506353126,0,0,0,0,0.0,0,0
2026-05-14T15:54:06,506345902,506353126,0,0,0,0,0.0,0,0
2026-05-14T15:54:08,506345902,506353126,0,0,0,0,0.0,0,0
2026-05-14T15:54:10,506345902,506353126,0,0,0,0,0.0,0,0
2026-05-14T15:54:13,506345902,506353126,0,0,0,0,0.0,0,0
2026-05-14T15:54:15,506345902,506353126,0,0,0,0,0.0,0,0
2026-05-14T15:54:17,506345902,506353126,0,0,0,0,0.0,0,0
2026-05-14T15:54:19,506345902,506353126,0,0,0,0,0.0,0,0
2026-05-14T15:54:21,506345902,506353126,0,0,0,0,0.0,0,0
2026-05-14T15:54:23,506345902,506353126,0,0,0,0,0.0,0,0
2026-05-14T15:54:26,506345902,506353126,0,0,0,0,0.0,0,0
2026-05-14T15:54:28,506345902,506353126,0,0,0,0,0.0,0,0
2026-05-14T15:54:30,506345902,506353126,0,0,0,0,0.0,0,0
2026-05-14T15:54:32,506345902,506353126,0,0,0,0,0.0,0,0
2026-05-14T15:54:34,506345902,506353126,0,0,0,0,0.0,0,0
2026-05-14T15:54:36,506345902,506353126,0,0,0,0,0.0,0,0
2026-05-14T15:54:38,506345902,506353126,0,0,0,0,0.0,0,0
2026-05-14T15:54:41,506345902,506353126,0,0,0,0,0.0,0,0
2026-05-14T15:54:43,506345902,506353126,0,0,0,0,0.0,0,0
2026-05-14T15:54:45,506345902,506353126,0,0,0,0,0.0,0,0
2026-05-14T15:54:47,506345902,506353126,0,0,0,0,0.0,0,0
2026-05-14T15:54:49,506345902,506353126,0,0,0,0,0.0,0,0
2026-05-14T15:54:52,506345902,506353126,0,0,0,0,0.0,0,0
2026-05-14T15:54:54,506345902,506353126,0,0,0,0,0.0,0,0
2026-05-14T15:54:56,506345902,506353126,0,0,0,0,0.0,0,0
2026-05-14T15:54:58,506345902,506353126,0,0,0,0,0.0,0,0
2026-05-14T15:55:00,506345902,506353126,0,0,0,0,0.0,0,0
2026-05-14T15:55:02,506345902,506353126,0,0,0,0,0.0,0,0
2026-05-14T15:55:04,506345902,506353126,0,0,0,0,0.0,0,0
2026-05-14T15:55:07,506345902,506353126,0,0,0,0,0.0,0,0
2026-05-14T15:55:09,506345902,506353126,0,0,0,0,0.0,0,0
2026-05-14T15:55:11,506345902,506353126,0,0,0,0,0.0,0,0
2026-05-14T15:55:13,506345902,506353126,0,0,0,0,0.0,0,0
2026-05-14T15:55:15,506345902,506353126,0,0,0,0,0.0,0,0
2026-05-14T15:55:17,506345902,506353126,0,0,0,0,0.0,0,0
2026-05-14T15:55:20,506345902,506353126,0,0,0,0,0.0,0,0
2026-05-14T15:55:22,506345902,506353126,0,0,0,0,0.0,0,0
2026-05-14T15:55:24,506345902,506353126,0,0,0,0,0.0,0,0
2026-05-14T15:55:26,506345902,506353126,0,0,0,0,0.0,0,0
2026-05-14T15:55:28,506345902,506353126,0,0,0,0,0.0,0,0
2026-05-14T15:55:30,506345902,506353126,0,0,0,0,0.0,0,0
2026-05-14T15:55:32,506345902,506353126,0,0,0,0,0.0,0,0
2026-05-14T15:55:34,506345902,506353126,0,0,0,0,0.0,0,0
2026-05-14T15:55:37,506345902,506353126,0,0,0,0,0.0,0,0
2026-05-14T15:55:39,506345902,506353126,0,0,0,0,0.0,0,0
2026-05-14T15:55:41,506345902,506353126,0,0,0,0,0.0,0,0
2026-05-14T15:55:43,506345902,506353126,0,0,0,0,0.0,0,0
2026-05-14T15:55:45,506345902,506353126,0,0,0,0,0.0,0,0
2026-05-14T15:55:47,506345902,506353126,0,0,0,0,0.0,0,0
2026-05-14T15:55:49,506345902,506353126,0,0,0,0,0.0,0,0
2026-05-14T15:55:51,506345902,506353126,0,0,0,0,0.0,0,0
2026-05-14T15:55:53,506345902,506353126,0,0,0,0,0.0,0,0
2026-05-14T15:55:55,506345902,506353126,0,0,0,0,0.0,0,0
2026-05-14T15:55:58,506345902,506353126,0,0,0,0,0.0,0,0
2026-05-14T15:56:00,506345902,506353126,0,0,0,0,0.0,0,0
2026-05-14T15:56:03,506345902,506353126,0,0,0,0,0.0,0,0
2026-05-14T15:56:05,506345902,506353126,0,0,0,0,0.0,0,0
2026-05-14T15:56:07,506345902,506353126,0,0,0,0,0.0,0,0
2026-05-14T15:56:09,506345902,506353126,0,0,0,0,0.0,0,0
2026-05-14T15:56:12,506345902,506353126,0,0,0,0,0.0,0,0
2026-05-14T15:56:14,506345902,506353126,0,0,0,0,0.0,0,0
2026-05-14T15:56:16,506345902,506353126,0,0,0,0,0.0,0,0
2026-05-14T15:56:18,506345902,506353126,0,0,0,0,0.0,0,0
2026-05-14T15:56:20,506345902,506353126,0,0,0,0,0.0,0,0
2026-05-14T15:56:22,506345902,506353126,0,0,0,0,0.0,0,0
2026-05-14T15:56:24,506345902,506353126,0,0,0,0,0.0,0,0
2026-05-14T15:56:26,506345902,506353126,0,0,0,0,0.0,0,0
2026-05-14T15:56:29,506345902,506353126,0,0,0,0,0.0,0,0
2026-05-14T15:56:31,506345902,506353126,0,0,0,0,0.0,0,0
2026-05-14T15:56:33,506345902,506353126,0,0,0,0,0.0,0,0
2026-05-14T15:56:35,506345902,506353126,0,0,0,0,0.0,0,0
2026-05-14T15:56:37,506345902,506353126,0,0,0,0,0.0,0,0
2026-05-14T15:56:39,506345902,506353126,0,0,0,0,0.0,0,0
2026-05-14T15:56:42,506345902,506353126,0,0,0,0,0.0,0,0
2026-05-14T15:56:44,506345902,506353126,0,0,0,0,0.0,0,0
2026-05-14T15:56:46,506345902,506353126,0,0,0,0,0.0,0,0
2026-05-14T15:56:48,506345902,506353126,0,0,0,0,0.0,0,0
2026-05-14T15:56:50,506345902,506353126,0,0,0,0,0.0,0,0
2026-05-14T15:56:52,506345902,506353126,0,0,0,0,0.0,0,0
2026-05-14T15:56:54,506345902,506353126,0,0,0,0,0.0,0,0
2026-05-14T15:56:56,506345902,506353126,0,0,0,0,0.0,0,0
2026-05-14T15:56:58,506345902,506353126,0,0,0,0,0.0,0,0
2026-05-14T15:57:00,506345902,506353126,0,0,0,0,0.0,0,0
2026-05-14T15:57:03,506345902,506353126,0,0,0,0,0.0,0,0
2026-05-14T15:57:05,506345902,506353126,0,0,0,0,0.0,0,0
2026-05-14T15:57:07,506345902,506353126,0,0,0,0,0.0,0,0
2026-05-14T15:57:09,506345902,506353126,0,0,0,0,0.0,0,0
2026-05-14T15:57:11,506345902,506353126,0,0,0,0,0.0,0,0
2026-05-14T15:57:14,506345902,506353126,0,0,0,0,0.0,0,0
2026-05-14T15:57:16,506345902,506353126,0,0,0,0,0.0,0,0
2026-05-14T15:57:18,506345902,506353126,0,0,0,0,0.0,0,0
2026-05-14T15:57:20,506345902,506353126,0,0,0,0,0.0,0,0
2026-05-14T15:57:22,506345902,506353126,0,0,0,0,0.0,0,0
2026-05-14T15:57:25,506345902,506353126,0,0,0,0,0.0,0,0
2026-05-14T15:57:27,506345902,506353126,0,0,0,0,0.0,0,0
2026-05-14T15:57:29,506345902,506353126,0,0,0,0,0.0,0,0
2026-05-14T15:57:31,506345902,506353126,0,0,0,0,0.0,0,0
2026-05-14T15:57:33,506345902,506353126,0,0,0,0,0.0,0,0
2026-05-14T15:57:35,506345902,506353126,0,0,0,0,0.0,0,0
2026-05-14T15:57:38,506345902,506353126,0,0,0,0,0.0,0,0
2026-05-14T15:57:40,506345902,506353126,0,0,0,0,0.0,0,0
2026-05-14T15:57:42,506345902,506353126,0,0,0,0,0.0,0,0
2026-05-14T15:57:44,506345902,506353126,0,0,0,0,0.0,0,0
2026-05-14T15:57:46,506345902,506353126,0,0,0,0,0.0,0,0
2026-05-14T15:57:48,506345902,506353126,0,0,0,0,0.0,0,0
2026-05-14T15:57:50,506345902,506353126,0,0,0,0,0.0,0,0
2026-05-14T15:57:52,506345902,506353126,0,0,0,0,0.0,0,0
2026-05-14T15:57:55,506345902,506353126,0,0,0,0,0.0,0,0
2026-05-14T15:57:57,506345902,506353126,0,0,0,0,0.0,0,0
2026-05-14T15:57:59,506345902,506353126,0,0,0,0,0.0,0,0
2026-05-14T15:58:01,506345902,506353126,0,0,0,0,0.0,0,0
2026-05-14T15:58:03,506345902,506353126,0,0,0,0,0.0,0,0
2026-05-14T15:58:05,506345902,506353126,0,0,0,0,0.0,0,0
2026-05-14T15:58:07,506345902,506353126,0,0,0,0,0.0,0,0
2026-05-14T15:58:09,506345902,506353126,0,0,0,0,0.0,0,0
2026-05-14T15:58:11,506345902,506353126,0,0,0,0,0.0,0,0
2026-05-14T15:58:14,506345902,506353126,0,0,0,0,0.0,0,0
2026-05-14T15:58:16,506345902,506353126,0,0,0,0,0.0,0,0
2026-05-14T15:58:18,506345902,506353126,0,0,0,0,0.0,0,0
2026-05-14T15:58:20,506345902,506353126,0,0,0,0,0.0,0,0
2026-05-14T15:58:22,506345902,506353126,0,0,0,0,0.0,0,0
2026-05-14T15:58:25,506345902,506353126,0,0,0,0,0.0,0,0
2026-05-14T15:58:27,506345902,506353126,0,0,0,0,0.0,0,0
2026-05-14T15:58:29,506345902,506353126,0,0,0,0,0.0,0,0
2026-05-14T15:58:31,506345902,506353126,0,0,0,0,0.0,0,0
2026-05-14T15:58:33,506345902,506353126,0,0,0,0,0.0,0,0
2026-05-14T15:58:35,506345902,506353126,0,0,0,0,0.0,0,0
2026-05-14T15:58:37,506345902,506353126,0,0,0,0,0.0,0,0
2026-05-14T15:58:40,506345902,506353126,0,0,0,0,0.0,0,0
2026-05-14T15:58:42,506345902,506353126,0,0,0,0,0.0,0,0
2026-05-14T15:58:44,506345902,506353126,0,0,0,0,0.0,0,0
2026-05-14T15:58:46,506345902,506353126,0,0,0,0,0.0,0,0
2026-05-14T15:58:48,506345902,506353126,0,0,0,0,0.0,0,0
2026-05-14T15:58:50,506345902,506353126,0,0,0,0,0.0,0,0
2026-05-14T15:58:52,506345902,506353126,0,0,0,0,0.0,0,0
2026-05-14T15:58:55,506345902,506353126,0,0,0,0,0.0,0,0
2026-05-14T15:58:57,506345902,506353126,0,0,0,0,0.0,0,0
2026-05-14T15:58:59,506345902,506353126,0,0,0,0,0.0,0,0
2026-05-14T15:59:01,506345902,506353126,0,0,0,0,0.0,0,0
2026-05-14T15:59:03,506345902,506353196,0,0,0,0,0.0,0,0
2026-05-14T15:59:06,506345902,506353196,0,0,0,0,0.0,0,0
2026-05-14T15:59:08,506345902,506353196,0,0,0,0,0.0,0,0
2026-05-14T15:59:10,506345902,506353196,0,0,0,0,0.0,0,0
2026-05-14T15:59:13,506345902,506353196,0,0,0,0,0.0,0,0
2026-05-14T15:59:15,506345902,506353196,0,0,0,0,0.0,0,0
2026-05-14T15:59:17,506345902,506353196,0,0,0,0,0.0,0,0
2026-05-14T15:59:19,506345902,506353196,0,0,0,0,0.0,0,0
2026-05-14T15:59:21,506345902,506353196,0,0,0,0,0.0,0,0
2026-05-14T15:59:23,506345902,506353196,0,0,0,0,0.0,0,0
2026-05-14T15:59:25,506345902,506353196,0,0,0,0,0.0,0,0
2026-05-14T15:59:28,506345902,506353196,0,0,0,0,0.0,0,0
2026-05-14T15:59:33,506345902,506353196,0,0,0,0,0.0,0,0
2026-05-14T15:59:35,506345902,506353196,0,0,0,0,0.0,0,0
2026-05-14T15:59:38,506345902,506353196,0,0,0,0,0.0,0,0
2026-05-14T15:59:40,506345902,506353196,0,0,0,0,0.0,0,0
2026-05-14T15:59:42,506345902,506353196,0,0,0,0,0.0,0,0
2026-05-14T15:59:44,506345902,506353196,0,0,0,0,0.0,0,0
2026-05-14T15:59:46,506345902,506353196,0,0,0,0,0.0,0,0
2026-05-14T15:59:48,506345902,506353196,0,0,0,0,0.0,0,0
2026-05-14T15:59:51,506345902,506353196,0,0,0,0,0.0,0,0
2026-05-14T15:59:53,506345902,506353196,0,0,0,0,0.0,0,0
2026-05-14T15:59:55,506345902,506353196,0,0,0,0,0.0,0,0
2026-05-14T15:59:57,506345902,506353196,0,0,0,0,0.0,0,0
2026-05-14T15:59:59,506345902,506353196,0,0,0,0,0.0,0,0
2026-05-14T16:00:01,506345902,506353196,0,0,0,0,0.0,0,0
2026-05-14T16:00:03,506345902,506353196,0,0,0,0,0.0,0,0
2026-05-14T16:00:06,506345902,506353196,0,0,0,0,0.0,0,0
2026-05-14T16:00:08,506345902,506353196,0,0,0,0,0.0,0,0
2026-05-14T16:00:10,506345902,506353196,0,0,0,0,0.0,0,0
2026-05-14T16:00:12,506345902,506353196,0,0,0,0,0.0,0,0
2026-05-14T16:00:14,506345902,506353196,0,0,0,0,0.0,0,0
2026-05-14T16:00:16,506345902,506353196,0,0,0,0,0.0,0,0
2026-05-14T16:00:18,506345902,506353196,0,0,0,0,0.0,0,0
2026-05-14T16:00:21,506345902,506353196,0,0,0,0,0.0,0,0
2026-05-14T16:00:23,506345902,506353196,0,0,0,0,0.0,0,0
2026-05-14T16:00:25,506345902,506353196,0,0,0,0,0.0,0,0
2026-05-14T16:00:27,506345902,506353196,0,0,0,0,0.0,0,0
2026-05-14T16:00:29,506345902,506353196,0,0,0,0,0.0,0,0
2026-05-14T16:00:31,506345902,506353196,0,0,0,0,0.0,0,0
2026-05-14T16:00:33,506345902,506353196,0,0,0,0,0.0,0,0
2026-05-14T16:00:36,506345902,506353196,0,0,0,0,0.0,0,0
2026-05-14T16:00:38,506345902,506353196,0,0,0,0,0.0,0,0
2026-05-14T16:00:40,506345902,506353196,0,0,0,0,0.0,0,0
2026-05-14T16:00:42,506345902,506353196,0,0,0,0,0.0,0,0
2026-05-14T16:00:44,506345902,506353196,0,0,0,0,0.0,0,0
2026-05-14T16:00:46,506345902,506353196,0,0,0,0,0.0,0,0
2026-05-14T16:00:48,506345902,506353196,0,0,0,0,0.0,0,0
2026-05-14T16:00:51,506345902,506353196,0,0,0,0,0.0,0,0
2026-05-14T16:00:53,506345902,506353196,0,0,0,0,0.0,0,0
2026-05-14T16:00:55,506345902,506353196,0,0,0,0,0.0,0,0
2026-05-14T16:00:57,506345902,506353196,0,0,0,0,0.0,0,0
2026-05-14T16:00:59,506345902,506353196,0,0,0,0,0.0,0,0
2026-05-14T16:01:02,506345902,506353196,0,0,0,0,0.0,0,0
2026-05-14T16:01:04,506345902,506353196,0,0,0,0,0.0,0,0
2026-05-14T16:01:06,506345902,506353196,0,0,0,0,0.0,0,0
2026-05-14T16:01:08,506345902,506353196,0,0,0,0,0.0,0,0
2026-05-14T16:01:10,506345902,506353196,0,0,0,0,0.0,0,0
2026-05-14T16:01:12,506345902,506353196,0,0,0,0,0.0,0,0
2026-05-14T16:01:14,506345902,506353196,0,0,0,0,0.0,0,0
2026-05-14T16:01:17,506345902,506353196,0,0,0,0,0.0,0,0
2026-05-14T16:01:19,506345902,506353196,0,0,0,0,0.0,0,0
2026-05-14T16:01:21,506345902,506353196,0,0,0,0,0.0,0,0
2026-05-14T16:01:23,506345902,506353196,0,0,0,0,0.0,0,0
2026-05-14T16:01:25,506345902,506353196,0,0,0,0,0.0,0,0
2026-05-14T16:01:27,506345902,506353196,0,0,0,0,0.0,0,0
2026-05-14T16:01:29,506345902,506353196,0,0,0,0,0.0,0,0
2026-05-14T16:01:31,506345902,506353196,0,0,0,0,0.0,0,0
2026-05-14T16:01:33,506345902,506353196,0,0,0,0,0.0,0,0
2026-05-14T16:01:35,506345902,506353196,0,0,0,0,0.0,0,0
2026-05-14T16:01:37,506345902,506353196,0,0,0,0,0.0,0,0
2026-05-14T16:01:40,506345902,506353196,0,0,0,0,0.0,0,0
2026-05-14T16:01:42,506345902,506353196,0,0,0,0,0.0,0,0
2026-05-14T16:01:44,506345902,506353196,0,0,0,0,0.0,0,0
2026-05-14T16:01:46,506345902,506353196,0,0,0,0,0.0,0,0
2026-05-14T16:01:48,506345902,506353196,0,0,0,0,0.0,0,0
2026-05-14T16:01:50,506345902,506353196,0,0,0,0,0.0,0,0
2026-05-14T16:01:52,506345902,506353196,0,0,0,0,0.0,0,0
2026-05-14T16:01:54,506345902,506353196,0,0,0,0,0.0,0,0
2026-05-14T16:01:56,506345902,506353196,0,0,0,0,0.0,0,0
2026-05-14T16:01:59,506345902,506353196,0,0,0,0,0.0,0,0
2026-05-14T16:02:01,506345902,506353196,0,0,0,0,0.0,0,0
2026-05-14T16:02:03,506345902,506353196,0,0,0,0,0.0,0,0
2026-05-14T16:02:05,506345902,506353196,0,0,0,0,0.0,0,0
2026-05-14T16:02:07,506345902,506353196,0,0,0,0,0.0,0,0
2026-05-14T16:02:09,506345902,506353196,0,0,0,0,0.0,0,0
2026-05-14T16:02:12,506345902,506353196,0,0,0,0,0.0,0,0
2026-05-14T16:02:14,506345902,506353196,0,0,0,0,0.0,0,0
2026-05-14T16:02:16,506345902,506353196,0,0,0,0,0.0,0,0
2026-05-14T16:02:18,506345902,506353196,0,0,0,0,0.0,0,0
2026-05-14T16:02:21,506345902,506353196,0,0,0,0,0.0,0,0
2026-05-14T16:02:23,506345902,506353196,0,0,0,0,0.0,0,0
2026-05-14T16:02:25,506345902,506353196,0,0,0,0,0.0,0,0
2026-05-14T16:02:27,506345902,506353196,0,0,0,0,0.0,0,0
2026-05-14T16:02:29,506345902,506353196,0,0,0,0,0.0,0,0
2026-05-14T16:02:32,506345902,506353196,0,0,0,0,0.0,0,0
2026-05-14T16:02:34,506345902,506353196,0,0,0,0,0.0,0,0
2026-05-14T16:02:36,506345902,506353196,0,0,0,0,0.0,0,0
2026-05-14T16:02:38,506345902,506353196,0,0,0,0,0.0,0,0
2026-05-14T16:02:40,506345902,506353196,0,0,0,0,0.0,0,0
2026-05-14T16:02:42,506345902,506353196,0,0,0,0,0.0,0,0
2026-05-14T16:02:44,506345902,506353196,0,0,0,0,0.0,0,0
2026-05-14T16:02:47,506345902,506353196,0,0,0,0,0.0,0,0
2026-05-14T16:02:49,506345902,506353196,0,0,0,0,0.0,0,0
2026-05-14T16:02:51,506345902,506353196,0,0,0,0,0.0,0,0
2026-05-14T16:02:53,506345902,506353196,0,0,0,0,0.0,0,0
2026-05-14T16:02:55,506345902,506353196,0,0,0,0,0.0,0,0
2026-05-14T16:02:57,506345902,506353196,0,0,0,0,0.0,0,0
2026-05-14T16:03:00,506345902,506353196,0,0,0,0,0.0,0,0
2026-05-14T16:03:02,506345902,506353196,0,0,0,0,0.0,0,0
2026-05-14T16:03:04,506345902,506353196,0,0,0,0,0.0,0,0
2026-05-14T16:03:06,506345902,506353196,0,0,0,0,0.0,0,0
2026-05-14T16:03:08,506345902,506353196,0,0,0,0,0.0,0,0
2026-05-14T16:03:10,506345902,506353196,0,0,0,0,0.0,0,0
2026-05-14T16:03:13,506345902,506353196,0,0,0,0,0.0,0,0
2026-05-14T16:03:15,506345902,506353196,0,0,0,0,0.0,0,0
2026-05-14T16:03:17,506345902,506353196,0,0,0,0,0.0,0,0
2026-05-14T16:03:19,506345902,506353196,0,0,0,0,0.0,0,0
2026-05-14T16:03:21,506345902,506353196,0,0,0,0,0.0,0,0
2026-05-14T16:03:23,506345902,506353196,0,0,0,0,0.0,0,0
2026-05-14T16:03:26,506345902,506353196,0,0,0,0,0.0,0,0
2026-05-14T16:03:28,506345902,506353196,0,0,0,0,0.0,0,0
2026-05-14T16:03:30,506345902,506353196,0,0,0,0,0.0,0,0
2026-05-14T16:03:32,506345902,506353196,0,0,0,0,0.0,0,0
2026-05-14T16:03:34,506345902,506353196,0,0,0,0,0.0,0,0
2026-05-14T16:03:36,506345902,506353196,0,0,0,0,0.0,0,0
2026-05-14T16:03:38,506345902,506353196,0,0,0,0,0.0,0,0
2026-05-14T16:03:40,506345902,506353196,0,0,0,0,0.0,0,0
2026-05-14T16:03:42,506345902,506353196,0,0,0,0,0.0,0,0
2026-05-14T16:03:45,506345902,506353196,0,0,0,0,0.0,0,0
2026-05-14T16:03:47,506345902,506353196,0,0,0,0,0.0,0,0
2026-05-14T16:03:49,506345902,506353196,0,0,0,0,0.0,0,0
2026-05-14T16:03:51,506345902,506353196,0,0,0,0,0.0,0,0
2026-05-14T16:03:53,506345902,506353196,0,0,0,0,0.0,0,0
2026-05-14T16:03:55,506345902,506353196,0,0,0,0,0.0,0,0
2026-05-14T16:03:57,506345902,506353196,0,0,0,0,0.0,0,0
2026-05-14T16:03:59,506345902,506353196,0,0,0,0,0.0,0,0
2026-05-14T16:04:01,506345902,506353196,0,0,0,0,0.0,0,0
2026-05-14T16:04:04,506345902,506353196,0,0,0,0,0.0,0,0
2026-05-14T16:04:06,506345902,506353196,0,0,0,0,0.0,0,0
2026-05-14T16:04:08,506345902,506353196,0,0,0,0,0.0,0,0
2026-05-14T16:04:10,506345902,506353196,0,0,0,0,0.0,0,0
2026-05-14T16:04:12,506345902,506353196,0,0,0,0,0.0,0,0
2026-05-14T16:04:14,506345902,506353196,0,0,0,0,0.0,0,0
2026-05-14T16:04:16,506345902,506353196,0,0,0,0,0.0,0,0
2026-05-14T16:04:18,506345902,506353196,0,0,0,0,0.0,0,0
2026-05-14T16:04:21,506345902,506353196,0,0,0,0,0.0,0,0
2026-05-14T16:04:23,506345902,506353196,0,0,0,0,0.0,0,0
2026-05-14T16:04:25,506345902,506353196,0,0,0,0,0.0,0,0
2026-05-14T16:04:27,506345902,506353196,0,0,0,0,0.0,0,0
2026-05-14T16:04:29,506345902,506353196,0,0,0,0,0.0,0,0
2026-05-14T16:04:31,506345972,506353266,0,0,0,0,0.001,0,0
2026-05-14T16:04:34,506345972,506353266,0,0,0,0,0.0,0,0
2026-05-14T16:04:36,506345972,506353266,0,0,0,0,0.0,0,0
2026-05-14T16:04:38,506345972,506353266,0,0,0,0,0.0,0,0
2026-05-14T16:04:40,506345972,506353266,0,0,0,0,0.0,0,0
2026-05-14T16:04:42,506345972,506353266,0,0,0,0,0.0,0,0
2026-05-14T16:04:44,506345972,506353266,0,0,0,0,0.0,0,0
2026-05-14T16:04:46,506345972,506353266,0,0,0,0,0.0,0,0
2026-05-14T16:04:49,506345972,506353266,0,0,0,0,0.0,0,0
2026-05-14T16:04:51,506345972,506353266,0,0,0,0,0.0,0,0
2026-05-14T16:04:53,506345972,506353266,0,0,0,0,0.0,0,0
2026-05-14T16:04:55,506345972,506353266,0,0,0,0,0.0,0,0
2026-05-14T16:04:57,506345972,506353266,0,0,0,0,0.0,0,0
2026-05-14T16:04:59,506345972,506353266,0,0,0,0,0.0,0,0
2026-05-14T16:05:01,506345972,506353266,0,0,0,0,0.0,0,0
2026-05-14T16:05:03,506345972,506353266,0,0,0,0,0.0,0,0
2026-05-14T16:05:05,506345972,506353266,0,0,0,0,0.0,0,0
2026-05-14T16:05:08,506345972,506353266,0,0,0,0,0.0,0,0
2026-05-14T16:05:10,506345972,506353266,0,0,0,0,0.0,0,0
2026-05-14T16:05:12,506345972,506353266,0,0,0,0,0.0,0,0
2026-05-14T16:05:14,506345972,506353266,0,0,0,0,0.0,0,0
2026-05-14T16:05:16,506345972,506353266,0,0,0,0,0.0,0,0
2026-05-14T16:05:18,506345972,506353266,0,0,0,0,0.0,0,0
2026-05-14T16:05:20,506345972,506353266,0,0,0,0,0.0,0,0
2026-05-14T16:05:22,506345972,506353266,0,0,0,0,0.0,0,0
2026-05-14T16:05:24,506345972,506353266,0,0,0,0,0.0,0,0
2026-05-14T16:05:26,506345972,506353266,0,0,0,0,0.0,0,0
2026-05-14T16:05:29,506345972,506353266,0,0,0,0,0.0,0,0
2026-05-14T16:05:31,506345972,506353266,0,0,0,0,0.0,0,0
2026-05-14T16:05:33,506345972,506353266,0,0,0,0,0.0,0,0
2026-05-14T16:05:35,506345972,506353266,0,0,0,0,0.0,0,0
2026-05-14T16:05:37,506345972,506353266,0,0,0,0,0.0,0,0
2026-05-14T16:05:39,506345972,506353266,0,0,0,0,0.0,0,0
2026-05-14T16:05:41,506345972,506353266,0,0,0,0,0.0,0,0
2026-05-14T16:05:43,506345972,506353266,0,0,0,0,0.0,0,0
2026-05-14T16:05:45,506345972,506353266,0,0,0,0,0.0,0,0
2026-05-14T16:05:47,506345972,506353266,0,0,0,0,0.0,0,0
2026-05-14T16:05:50,506345972,506353266,0,0,0,0,0.0,0,0
2026-05-14T16:05:52,506345972,506353266,0,0,0,0,0.0,0,0
2026-05-14T16:05:54,506345972,506353266,0,0,0,0,0.0,0,0
2026-05-14T16:05:56,506345972,506353266,0,0,0,0,0.0,0,0
2026-05-14T16:05:58,506345972,506353266,0,0,0,0,0.0,0,0
2026-05-14T16:06:00,506345972,506353266,0,0,0,0,0.0,0,0
2026-05-14T16:06:02,506345972,506353266,0,0,0,0,0.0,0,0
2026-05-14T16:06:04,506345972,506353266,0,0,0,0,0.0,0,0
2026-05-14T16:06:06,506345972,506353266,0,0,0,0,0.0,0,0
2026-05-14T16:06:08,506345972,506353266,0,0,0,0,0.0,0,0
